"13mu -- Prices per square meter of old dwellings in housing companies and numbers of transactions by postal code area, yearly, 2009-2025"

"Postal code","Price per square meter (EUR/m2) 2022 Blocks of flats, one-room flat","Price per square meter (EUR/m2) 2022 Blocks of flats, two-room flat","Price per square meter (EUR/m2) 2022 Blocks of flats, three-room flat+","Number of sales, asset transfer tax data starting from 2020 2022 Blocks of flats, one-room flat","Number of sales, asset transfer tax data starting from 2020 2022 Blocks of flats, two-room flat","Number of sales, asset transfer tax data starting from 2020 2022 Blocks of flats, three-room flat+"
"00100  Helsinki keskusta - Etu-Töölö (Helsinki)",8797,8357,8054,141,194,140
"00120  Punavuori - Bulevardi (Helsinki)",8673,8665,8215,58,58,60
"00130  Kaartinkaupunki (Helsinki)",9400,10691,8785,10,13,16
"00140  Kaivopuisto - Ullanlinna (Helsinki)",9623,9147,10041,55,54,74
"00150  Punavuori - Eira - Hernesaari (Helsinki)",8767,8683,9585,121,96,85
"00160  Katajanokka (Helsinki)",8156,7435,7958,20,36,36
"00170  Kruununhaka (Helsinki)",8717,8382,8071,53,53,78
"00180  Kamppi - Ruoholahti (Helsinki)",8574,7940,8114,89,108,112
"00190  Suomenlinna (Helsinki)",.,...,...,.,1,2
"00200  Pohjois-Lauttasaari (Helsinki)",7656,7118,7167,68,165,153
"00210  Vattuniemi (Helsinki)",7915,7120,7078,45,108,122
"00220  Jätkäsaari (Helsinki)",9167,8559,7781,8,26,52
"00240  Länsi-Pasila (Helsinki)",5847,5220,5328,34,55,47
"00250  Taka-Töölö (Helsinki)",7572,7021,6962,105,156,82
"00260  Keski-Töölö (Helsinki)",8570,7572,7898,51,71,66
"00270  Pohjois-Meilahti (Helsinki)",7535,6673,6752,43,86,60
"00280  Ruskeasuo (Helsinki)",6542,6702,6321,16,18,23
"00290  Meilahden sairaala-alue (Helsinki)",.,.,.,.,.,.
"00300  Pikku Huopalahti (Helsinki)",...,5731,5478,5,32,26
"00310  Kivihaka (Helsinki)",...,4886,3385,2,14,6
"00320  Etelä-Haaga (Helsinki)",6581,5650,5329,63,94,81
"00330  Munkkiniemi (Helsinki)",7274,6938,7378,23,82,93
"00340  Kuusisaari - Lehtisaari (Helsinki)",...,4569,4851,1,9,10
"00350  Munkkivuori - Niemenmäki (Helsinki)",6441,5421,5574,40,90,98
"00360  Pajamäki (Helsinki)",5508,4494,4134,15,27,13
"00370  Reimarla (Helsinki)",3851,4000,3351,19,29,13
"00380  Pitäjänmäen yritysalue (Helsinki)",5813,5628,5518,10,23,30
"00390  Konala (Helsinki)",4602,3787,3686,17,38,28
"00400  Pohjois-Haaga (Helsinki)",5556,4683,4441,36,76,79
"00410  Malminkartano (Helsinki)",4273,3185,2669,9,37,37
"00420  Kannelmäki (Helsinki)",4352,3314,3001,42,115,90
"00430  Maununneva - Kuninkaantammi (Helsinki)",...,4736,3852,27,20,25
"00440  Lassila (Helsinki)",4588,3800,3695,12,25,42
"00500  Sörnäinen - Harju (Helsinki)",7116,6513,6317,252,106,23
"00510  Alppila - Vallila (Helsinki)",7077,6667,6791,163,113,43
"00520  Itä- ja Keski-Pasila (Helsinki)",6680,6444,5755,41,86,83
"00530  Kallio (Helsinki)",7145,6485,6324,199,202,57
"00540  Kalasatama - Sompasaari (Helsinki)",8321,8796,7779,10,25,39
"00550  Vallila - Hermanni (Helsinki)",6673,5936,6168,84,89,22
"00560  Toukola - Kumpula - Vanhakaupunki (Helsinki)",6490,6263,6400,25,75,73
"00570  Kulosaari (Helsinki)",7233,6863,6073,14,21,45
"00580  Kalasatama - Kyläsaari (Helsinki)",9561,8540,7639,13,35,41
"00590  Kruunuvuorenranta (Helsinki)",...,...,5748,2,7,25
"00600  Koskela (Helsinki)",4840,4099,2979,10,13,15
"00610  Käpylä (Helsinki)",5988,5912,5639,54,68,64
"00620  Metsälä - Etelä-Oulunkylä (Helsinki)",...,4659,4408,5,32,34
"00630  Maunula (Helsinki)",5157,4144,3745,12,48,30
"00640  Oulunkylä - Patola (Helsinki)",5068,3655,3775,22,65,48
"00650  Veräjämäki (Helsinki)",...,4139,3580,3,12,20
"00660  Länsi-Pakila (Helsinki)",...,...,...,4,2,2
"00670  Paloheinä (Helsinki)",.,...,.,.,1,.
"00680  Itä-Pakila (Helsinki)",.,.,...,.,.,2
"00690  Torpparinmäki (Helsinki)",.,...,.,.,3,.
"00700  Malmi (Helsinki)",4354,3396,2932,24,64,52
"00710  Pihlajamäki - Viikinmäki (Helsinki)",4179,2957,2680,23,63,79
"00720  Pukinmäki (Helsinki)",4201,3422,3155,16,53,52
"00730  Tapanila (Helsinki)",4617,3663,3695,10,32,17
"00740  Siltamäki (Helsinki)",3576,2626,2587,10,33,23
"00750  Tapulikaupunki (Helsinki)",...,2331,1955,5,16,16
"00760  Puistola - Heikinlaakso (Helsinki)",.,...,...,.,4,2
"00770  Jakomäki - Alppikylä (Helsinki)",...,2113,2193,24,66,66
"00780  Tapaninvainio (Helsinki)",...,3579,3186,4,20,13
"00790  Viikki (Helsinki)",...,5036,4654,4,34,49
"00800  Länsi-Herttoniemi (Helsinki)",5945,5648,5302,29,54,37
"00810  Herttoniemenranta (Helsinki)",5932,5856,5954,42,139,101
"00820  Roihuvuori (Helsinki)",5269,4700,4399,17,70,76
"00830  Tammisalo (Helsinki)",...,4213,...,2,7,4
"00840  Yliskylä (Helsinki)",5051,4268,4142,19,41,53
"00850  Jollas (Helsinki)",.,.,...,.,.,3
"00870  Gunillanmäki - Hevossalmi (Helsinki)",4090,3477,3121,6,61,46
"00880  Keski-Herttoniemi - Roihupelto (Helsinki)",.,.,.,.,.,.
"00890  Östersundom (Helsinki)",.,.,.,.,.,.
"00900  Puotinharju (Helsinki)",3867,3090,2788,12,26,24
"00910  Puotila (Helsinki)",4636,3768,3578,32,70,40
"00920  Myllypuro (Helsinki)",...,3390,2907,7,49,74
"00930  Itäkeskus - Marjaniemi (Helsinki)",...,2803,3234,5,17,13
"00940  Kontula - Vesala - Kivikko (Helsinki)",4429,2749,2399,22,116,120
"00950  Vartioharju (Helsinki)",4846,3772,3744,8,18,9
"00960  Pohjois-Vuosaari (Helsinki)",3650,2935,2729,17,81,33
"00970  Mellunmäki (Helsinki)",3528,2996,3004,42,117,133
"00980  Etelä-Vuosaari (Helsinki)",3924,3411,3241,19,73,91
"00990  Aurinkolahti (Helsinki)",5775,5252,4867,14,69,92
"01120  Västerskog (Sipoo)",.,...,...,.,1,2
"01150  Söderkulla (Sipoo)",4199,2705,3422,12,26,13
"01180  Kalkkiranta (Sipoo)",.,.,.,.,.,.
"01190  Box (Sipoo)",.,.,.,.,.,.
"01200  Hakunila (Vantaa)",2716,2124,1806,16,46,46
"01230  Vaarala (Vantaa)",...,3740,...,4,10,4
"01260  Itä-Hakkila (Vantaa)",.,.,.,.,.,.
"01280  Länsimäki (Vantaa)",2877,2310,1719,13,31,23
"01300  Tikkurila (Vantaa)",5723,4079,3582,90,151,140
"01340  Leinelä (Vantaa)",...,4547,3932,1,15,13
"01350  Hiekkaharju (Vantaa)",3972,3269,2572,20,59,44
"01360  Koivukylä-Havukoski (Vantaa)",2275,1848,1769,21,67,43
"01370  Jokiniemi (Vantaa)",...,4396,3322,6,19,23
"01380  Kuusikko-Hakkila (Vantaa)",.,.,.,.,.,.
"01390  Ruskeasanta-Ilola (Vantaa)",...,...,2814,2,5,11
"01400  Rekola (Vantaa)",4946,3608,3621,21,12,6
"01420  Päiväkumpu (Vantaa)",.,.,.,.,.,.
"01450  Korso (Vantaa)",3680,2749,2190,29,47,40
"01480  Mikkola (Vantaa)",2520,2003,2181,13,29,25
"01490  Nikinmäki (Vantaa)",...,.,...,1,.,4
"01510  Kirkonkylä-Veromäki (Vantaa)",4990,4347,3925,8,96,70
"01520  Tammisto (Vantaa)",...,4408,3964,5,33,45
"01530  Veromiehenkylä (Vantaa)",.,.,.,.,.,.
"01600  Myyrmäki (Vantaa)",3727,3102,2567,49,132,155
"01610  Kaivoksela (Vantaa)",3925,3159,3088,37,89,60
"01620  Martinlaakso (Vantaa)",3316,2845,2231,17,65,77
"01630  Hämeenkylä (Vantaa)",...,...,4259,1,3,7
"01640  Hämevaara (Vantaa)",...,3365,3605,2,6,8
"01650  Vapaala (Vantaa)",2606,2034,1540,7,14,12
"01660  Varisto (Vantaa)",.,...,...,.,1,5
"01670  Vantaanlaakso (Vantaa)",...,...,...,1,5,5
"01680  Askisto (Vantaa)",.,.,.,.,.,.
"01690  Ylästö (Vantaa)",.,.,.,.,.,.
"01700  Kivistö (Vantaa)",5164,4776,4019,61,35,31
"01710  Pähkinärinne (Vantaa)",3396,2490,2202,8,33,47
"01720  Petikko (Vantaa)",.,...,.,.,1,.
"01730  Vantaanpuisto (Vantaa)",...,...,...,2,5,1
"01740  Tuupakan teollisuusalue (Vantaa)",.,.,.,.,.,.
"01750  Keimola (Vantaa)",.,.,.,.,.,.
"01760  Seutula (Vantaa)",.,.,.,.,.,.
"01800  Klaukkala Keskus (Nurmijärvi)",3628,2684,2451,105,43,27
"01820  Haikala (Nurmijärvi)",.,.,.,.,.,.
"01830  Lepsämä (Nurmijärvi)",.,.,.,.,.,.
"01840  Klaukkala (Nurmijärvi)",.,...,...,.,1,1
"01860  Perttula (Nurmijärvi)",.,.,.,.,.,.
"01900  Nurmijärvi Keskus (Nurmijärvi)",2965,1951,2163,35,41,23
"01940  Palojoki (Nurmijärvi)",.,.,.,.,.,.
"02100  Tapiola (Espoo)",6595,6362,5812,16,53,53
"02110  Otsolahti (Espoo)",6214,6036,5498,12,15,28
"02120  Länsikorkee-Suvikumpu (Espoo)",6657,5752,5440,17,35,41
"02130  Pohjois-Tapiola (Espoo)",5702,5118,4759,7,22,28
"02140  Laajalahti (Espoo)",...,...,2470,1,2,8
"02150  Otaniemi (Espoo)",...,...,...,4,4,2
"02160  Westend (Espoo)",...,5821,5051,2,9,19
"02170  Haukilahti (Espoo)",5702,5193,4743,7,41,43
"02180  Mankkaa (Espoo)",...,...,...,4,3,4
"02200  Niittykumpu (Espoo)",6191,5435,5280,15,54,69
"02210  Olari (Espoo)",4070,3497,3304,20,60,84
"02230  Matinkylä (Espoo)",4766,4397,4081,46,156,115
"02240  Friisilä (Espoo)",.,...,.,.,1,.
"02250  Henttaa (Espoo)",...,5052,4572,1,9,13
"02260  Kaitaa (Espoo)",...,...,3292,1,5,24
"02270  Finnoo-Eestinmalmi (Espoo)",.,.,.,.,.,.
"02280  Malminmäki-Eestinlaakso (Espoo)",...,...,...,2,4,5
"02300  Nöykkiönpuro (Espoo)",.,.,.,.,.,.
"02320  Espoonlahti (Espoo)",3870,3532,3345,45,88,124
"02330  Saunalahti-Kattilalaakso (Espoo)",4345,4537,4375,45,67,59
"02340  Latokaski (Espoo)",.,.,.,.,.,.
"02360  Soukka (Espoo)",3836,3158,2734,17,34,55
"02380  Suvisaaristo (Espoo)",.,.,.,.,.,.
"02390  Sarvvik (Kirkkonummi)",...,...,.,2,3,.
"02400  Kirkkonummi Keskus (Kirkkonummi)",3412,2660,2751,24,30,22
"02410  Gesterby (Kirkkonummi)",...,1116,1093,5,10,12
"02420  Jorvas (Kirkkonummi)",.,...,.,.,1,.
"02430  Masala (Kirkkonummi)",3703,3590,2733,8,6,12
"02440  Luoma (Kirkkonummi)",.,.,.,.,.,.
"02450  Sundsberg (Kirkkonummi)",.,.,.,.,.,.
"02460  Kantvik (Kirkkonummi)",...,1571,...,1,8,3
"02480  Porkkala (Kirkkonummi)",.,.,.,.,.,.
"02490  Pikkala (Siuntio)",...,...,...,1,5,1
"02510  Oitmäki (Kirkkonummi)",.,.,.,.,.,.
"02520  Lapinkylä (Kirkkonummi)",.,.,.,.,.,.
"02540  Kylmälä (Kirkkonummi)",.,.,.,.,.,.
"02550  Evitskog (Kirkkonummi)",.,.,.,.,.,.
"02570  Siuntio Kirkonkylä (Siuntio)",.,.,.,.,.,.
"02580  Siuntio Asemanseutu (Siuntio)",...,...,...,2,2,1
"02600  Etelä-Leppävaara (Espoo)",5274,4802,4237,23,57,66
"02610  Kilo (Espoo)",5048,4664,4112,6,17,19
"02620  Karakallio (Espoo)",3967,3538,3135,9,22,33
"02630  Nihtisilta (Espoo)",...,3312,2860,1,10,7
"02650  Pohjois-Leppävaara (Espoo)",4370,4252,3988,23,86,85
"02660  Lintuvaara (Espoo)",...,...,...,2,6,5
"02680  Uusmäki (Espoo)",...,4944,4992,1,10,15
"02700  Kauniainen (Kauniainen)",5120,4684,4937,7,30,33
"02710  Viherlaakso (Espoo)",3707,2929,2797,10,26,34
"02720  Lähderanta (Espoo)",3651,3087,2984,15,10,13
"02730  Jupperi (Espoo)",.,.,...,.,.,1
"02740  Bemböle-Pakankylä (Espoo)",.,.,.,.,.,.
"02750  Sepänkylä-Kuurinniitty (Espoo)",...,4092,4095,2,7,15
"02760  Tuomarila-Suvela (Espoo)",3485,3150,2830,18,43,44
"02770  Espoon Keskus (Espoo)",4194,3570,2716,16,40,23
"02780  Kauklahti (Espoo)",4647,3758,3202,13,9,18
"02810  Gumböle-Karhusuo (Espoo)",.,...,...,.,2,2
"02820  Nupuri-Nuuksio (Espoo)",.,.,.,.,.,.
"02860  Siikajärvi (Espoo)",.,.,.,.,.,.
"02880  Veikkola (Kirkkonummi)",.,...,.,.,4,.
"02920  Niipperi (Espoo)",.,.,.,.,.,.
"02940  Lippajärvi-Järvenperä (Espoo)",4384,3662,3137,43,19,13
"02970  Kalajärvi (Espoo)",.,.,.,.,.,.
"03100  Nummela (Vihti)",2828,2088,2098,14,54,31
"03150  Huhmari (Vihti)",.,.,.,.,.,.
"03250  Ojakkala (Vihti)",.,...,.,.,1,.
"03300  Otalampi (Vihti)",.,.,.,.,.,.
"03320  Selki (Vihti)",.,.,.,.,.,.
"03400  Vihti Kirkonkylä (Vihti)",.,...,...,.,3,3
"03600  Karkkila Keskus (Karkkila)",1408,1053,1064,10,22,13
"03620  Polari (Karkkila)",.,...,...,.,1,1
"03710  Uusitalo (Karkkila)",.,.,.,.,.,.
"03810  Ikkala (Lohja)",.,.,.,.,.,.
"03850  Pusula (Lohja)",.,.,.,.,.,.
"04130  Sipoo (Sipoo)",3491,2768,2298,12,29,19
"04200  Kerava Keskus (Kerava)",2881,2490,2385,25,85,58
"04220  Ahjo-Kaskela (Kerava)",...,2734,2689,52,29,15
"04230  Pihkaniitty (Kerava)",2531,1791,1850,11,17,23
"04240  Talma (Sipoo)",.,.,.,.,.,.
"04250  Alikerava (Kerava)",4440,2682,2616,30,17,13
"04260  Savio (Kerava)",4091,1969,1941,16,31,23
"04300  Hyrylä (Tuusula)",2791,2621,2757,10,31,30
"04310  Tuusula Keskus (Tuusula)",...,.,.,1,.,.
"04320  Riihikallio (Tuusula)",2752,2038,1824,6,15,26
"04330  Lahela (Tuusula)",.,...,.,.,1,.
"04340  Mattila (Tuusula)",...,1347,1409,1,8,8
"04350  Nahkela (Tuusula)",.,.,.,.,.,.
"04360  Ruotsinkylä-Kiilinmäki (Tuusula)",.,.,.,.,.,.
"04380  Tuomala (Tuusula)",.,.,.,.,.,.
"04390  Jäniksenlinna (Tuusula)",.,.,.,.,.,.
"04400  Loutti (Järvenpää)",3416,2594,2591,38,75,57
"04410  Järvenpää Keskus (Järvenpää)",3528,3035,2497,20,47,42
"04420  Kyrölä (Järvenpää)",...,...,.,1,2,.
"04430  Kinnari-Mikonkorpi (Järvenpää)",...,3012,2926,4,18,8
"04440  Jamppa (Järvenpää)",2236,1200,...,9,13,4
"04460  Nummenkylä (Järvenpää)",.,.,.,.,.,.
"04480  Haarajoki (Järvenpää)",.,.,...,.,.,1
"04500  Kellokoski (Tuusula)",.,...,1001,.,5,6
"04600  Mäntsälä Keskus (Mäntsälä)",2009,2246,2397,9,26,15
"04620  Kaunismäki (Mäntsälä)",.,...,.,.,2,.
"04630  Sääksjärvi (Mäntsälä)",.,.,.,.,.,.
"04660  Numminen (Mäntsälä)",.,.,.,.,.,.
"04680  Hirvihaara (Mäntsälä)",.,.,.,.,.,.
"04840  Hautjärvi (Mäntsälä)",.,.,.,.,.,.
"04920  Saarentaus (Mäntsälä)",.,.,.,.,.,.
"04940  Levanto (Mäntsälä)",.,.,.,.,.,.
"05100  Röykkä (Nurmijärvi)",.,.,.,.,.,.
"05200  Rajamäki (Nurmijärvi)",1309,1539,...,6,14,5
"05400  Jokela (Tuusula)",...,1675,1831,1,10,10
"05430  Nuppulinna (Tuusula)",.,.,.,.,.,.
"05440  Hyvinkää (Hyvinkää)",.,.,.,.,.,.
"05450  Nukari (Nurmijärvi)",.,.,.,.,.,.
"05460  Hakalanmäki-Hakala (Hyvinkää)",.,1858,...,.,9,4
"05510  Päivärinta (Hyvinkää)",.,.,.,.,.,.
"05620  Noppo (Hyvinkää)",.,.,.,.,.,.
"05720  Kytäjä (Hyvinkää)",.,.,.,.,.,.
"05800  Hyvinkää Keskus (Hyvinkää)",2287,2389,2162,44,93,76
"05810  Martti (Hyvinkää)",...,...,...,9,5,9
"05820  Mustamännistö (Hyvinkää)",...,1687,1484,2,16,6
"05830  Kirjavatolppa-Kruununpuisto (Hyvinkää)",1766,1944,1871,23,27,17
"05840  Hyvinkäänkylä-Vehkoja (Hyvinkää)",...,1113,1227,3,7,12
"05860  Talvisilta (Hyvinkää)",...,...,...,2,2,3
"05880  Paavola-Vaivero (Hyvinkää)",...,1037,1126,2,16,13
"05900  Vieremä (Hyvinkää)",1967,2014,1668,30,42,26
"06100  Porvoo Keskus (Porvoo)",3656,3096,3038,42,126,100
"06150  Kevätkumpu (Porvoo)",2362,1888,1722,7,21,20
"06200  Porvoo itäinen (Porvoo)",.,.,...,.,.,1
"06400  Gammelbacka (Porvoo)",2374,1843,2045,7,43,25
"06450  Eestinmäki-Ernestas (Porvoo)",...,...,1927,1,2,6
"06500  Saksala-Suomenkylä (Porvoo)",.,.,.,.,.,.
"06530  Kerkkoo (Porvoo)",.,.,.,.,.,.
"06650  Hamari (Porvoo)",...,...,.,3,1,.
"06750  Tolkkinen (Porvoo)",.,.,.,.,.,.
"06830  Kulloonkylä (Porvoo)",.,.,.,.,.,.
"06880  Kärrby (Sipoo)",.,.,.,.,.,.
"06950  Emäsalo (Porvoo)",.,.,.,.,.,.
"07110  Hinthaara (Porvoo)",.,.,.,.,.,.
"07150  Laukkoski (Pornainen)",.,.,.,.,.,.
"07170  Keski-Pornainen (Pornainen)",...,...,.,2,1,.
"07190  Halkia (Pornainen)",.,.,.,.,.,.
"07230  Monninkylä (Askola)",.,.,.,.,.,.
"07280  Ilola (Porvoo)",.,.,.,.,.,.
"07500  Askola Kirkonkylä (Askola)",.,.,.,.,.,.
"07510  Vakkola (Askola)",.,...,.,.,2,.
"07550  Torpinkylä (Pukkila)",.,.,.,.,.,.
"07560  Pukkila Keskus (Pukkila)",.,.,.,.,.,.
"07590  Huuvari-Tiilää (Askola)",.,.,.,.,.,.
"07600  Myrskylä Keskus (Myrskylä)",.,.,.,.,.,.
"07700  Koskenkylän saha-alue (Loviisa)",.,.,.,.,.,.
"07750  Isnäs (Loviisa)",.,.,.,.,.,.
"07800  Lapinjärvi Keskus (Lapinjärvi)",.,.,.,.,.,.
"07820  Porlammi (Lapinjärvi)",.,.,.,.,.,.
"07830  Pukaro (Lapinjärvi)",.,.,.,.,.,.
"07870  Skinnarby (Loviisa)",.,.,.,.,.,.
"07880  Liljendal Keskus (Loviisa)",.,.,.,.,.,.
"07890  Mickelspiltom (Loviisa)",.,.,.,.,.,.
"07900  Loviisa Keskus (Loviisa)",1354,1442,1392,9,20,15
"07910  Valko (Loviisa)",.,...,...,.,5,4
"07920  Etelä-Harju (Loviisa)",.,.,1943,.,.,7
"07930  Pernaja Kirkonkylä (Loviisa)",.,.,.,.,.,.
"07940  Määrlahti (Loviisa)",...,...,...,2,5,3
"07955  Tesjoki (Loviisa)",.,.,.,.,.,.
"07960  Ahvenkoski (Loviisa)",.,.,.,.,.,.
"07970  Ruotsinpyhtää Keskus (Loviisa)",...,...,.,1,1,.
"07990  Ruotsinkylä-Koskisto (Loviisa)",.,.,.,.,.,.
"08100  Lohja Keskus (Lohja)",2441,2390,2292,26,73,46
"08150  Keskilohja (Lohja)",...,2264,...,3,7,2
"08200  Ojamo (Lohja)",...,1340,1169,1,29,18
"08350  Routio (Lohja)",...,1501,...,3,7,5
"08450  Hormajärvi (Lohja)",.,.,.,.,.,.
"08500  Ventelä-Millola (Lohja)",...,...,...,2,5,1
"08680  Muijala (Lohja)",...,...,.,1,3,.
"08700  Virkkala (Lohja)",1359,1334,1142,11,18,12
"08800  Kirkniemi (Lohja)",.,.,...,.,.,1
"09120  Karjalohja (Lohja)",.,.,.,.,.,.
"09220  Sammatti (Lohja)",.,.,.,.,.,.
"09430  Saukkola (Lohja)",.,.,.,.,.,.
"09630  Koisjärvi (Lohja)",.,.,.,.,.,.
"09810  Nummi-Oinola (Lohja)",.,.,.,.,.,.
"10120  Tähtelä (Ingå)",.,.,.,.,.,.
"10140  Päivölä (Ingå)",.,.,.,.,.,.
"10210  Inkoo Keskus (Ingå)",...,...,...,1,4,3
"10300  Karjaa Keskus (Raasepori)",1921,1444,1325,7,34,20
"10320  Bäljars (Raasepori)",...,1092,...,2,6,3
"10330  Pinjainen (Raasepori)",.,.,...,.,.,1
"10350  Meltolan sairaala-alue (Raasepori)",.,.,.,.,.,.
"10360  Mustio (Raasepori)",.,.,.,.,.,.
"10410  Åminnefors (Raasepori)",.,.,...,.,.,1
"10420  Pohjankuru (Raasepori)",...,1444,...,3,6,4
"10440  Bollsta (Raasepori)",.,.,.,.,.,.
"10470  Fiskari (Raasepori)",.,.,.,.,.,.
"10520  Tenhola Kirkonkylä (Raasepori)",.,.,.,.,.,.
"10570  Bromarv (Raasepori)",.,.,.,.,.,.
"10600  Tammisaari Keskus (Raasepori)",2273,2253,2786,19,35,31
"10620  Tammisaari (Raasepori)",...,...,.,3,4,.
"10640  Dragsvik (Raasepori)",...,...,...,1,1,1
"10650  Flyet (Raasepori)",1330,1411,1305,7,13,12
"10660  Trollböle (Raasepori)",...,...,...,1,5,2
"10680  Skogby (Raasepori)",.,.,.,.,.,.
"10710  Snappertuna (Raasepori)",.,.,.,.,.,.
"10820  Lappohja (Hanko)",.,...,...,.,3,1
"10900  Hanko Keskus (Hanko)",2355,2057,2390,21,49,20
"10940  Hangonkylä (Hanko)",.,.,...,.,.,1
"10960  Hanko Pohjoinen (Hanko)",.,.,.,.,.,.
"11100  Riihimäki Keskus (Riihimäki)",2030,1631,1485,44,76,51
"11120  Pohjois-Riihimäki (Riihimäki)",...,1223,1079,3,16,13
"11130  Peltosaari-Patastenmäki (Riihimäki)",1754,1536,1740,15,78,28
"11310  Taka-Kasarmi (Riihimäki)",.,...,...,.,2,3
"11710  Herajoki (Riihimäki)",.,...,...,.,4,3
"11910  Lasi-Kumela (Riihimäki)",...,...,...,2,2,2
"12100  Oitti (Hausjärvi)",.,.,.,.,.,.
"12130  Mommila (Hausjärvi)",...,...,.,1,1,.
"12240  Hikiä (Hausjärvi)",.,.,.,.,.,.
"12310  Ryttylä (Hausjärvi)",.,...,.,.,1,.
"12380  Leppäkoski (Janakkala)",.,.,.,.,.,.
"12400  Tervakoski (Janakkala)",...,1099,...,4,11,5
"12520  Kormu (Loppi)",.,.,.,.,.,.
"12540  Launonen (Loppi)",.,...,.,.,1,.
"12600  Läyliäinen (Loppi)",...,...,...,1,1,1
"12700  Loppi kk (Loppi)",...,925,...,3,8,6
"12750  Pilpala (Loppi)",.,.,.,.,.,.
"13100  Hämeenlinna Keskus (Hämeenlinna)",2502,2244,2098,70,164,97
"13110  Kantola (Hämeenlinna)",.,.,.,.,.,.
"13130  Kauriala (Hämeenlinna)",1969,1858,1706,27,57,35
"13200  Keinusaari (Hämeenlinna)",2044,2614,3221,32,53,23
"13210  Hätilä (Hämeenlinna)",1990,1643,1544,52,50,35
"13220  Sairio (Hämeenlinna)",...,2664,2803,1,7,12
"13250  Katuma (Hämeenlinna)",1449,1298,1243,7,7,9
"13270  Ruununmylly (Hämeenlinna)",.,.,.,.,.,.
"13300  Käikälä (Hämeenlinna)",.,.,.,.,.,.
"13330  Harviala (Janakkala)",.,.,.,.,.,.
"13430  Hattelmala (Hämeenlinna)",.,.,.,.,.,.
"13500  Jukola (Hämeenlinna)",1314,1054,1077,7,16,14
"13600  Ojoinen (Hämeenlinna)",...,1149,1136,3,9,12
"13700  Parolannummi (Hattula)",.,.,...,.,.,2
"13720  Parola (Hattula)",...,...,...,1,5,3
"13800  Katinala (Hattula)",...,...,.,1,2,.
"13880  Rahkoila (Hattula)",...,.,.,1,.,.
"13900  Pekola (Hattula)",.,.,.,.,.,.
"14200  Turenki (Janakkala)",...,1082,772,5,25,14
"14300  Renko kk (Hämeenlinna)",.,.,.,.,.,.
"14500  Iittala (Hämeenlinna)",.,...,...,.,4,1
"14610  Lepaa (Hattula)",.,.,.,.,.,.
"14680  Alvettula (Hämeenlinna)",.,.,.,.,.,.
"14700  Hauho kk (Hämeenlinna)",...,...,...,1,3,1
"14770  Eteläinen (Hämeenlinna)",.,.,.,.,.,.
"14820  Syrjäntaka (Hämeenlinna)",.,.,.,.,.,.
"14870  Juttila (Hämeenlinna)",.,.,.,.,.,.
"14960  Puutikkala (Pälkäne)",.,.,.,.,.,.
"15100  Lahti Asemanseutu (Lahti)",2425,2252,2329,40,63,45
"15110  Keski-Lahti (Lahti)",2777,2478,2365,34,41,58
"15140  Kartano-Paavola (Lahti)",2654,2436,2447,63,199,138
"15150  Möysä (Lahti)",1945,1738,1671,19,39,27
"15160  Kolava (Lahti)",.,...,.,.,1,.
"15170  Tenava-Tonttila (Lahti)",1392,920,955,10,36,21
"15200  Kiveriö (Lahti)",1201,924,949,8,27,14
"15210  Kivistönmäki (Lahti)",2240,1446,1286,30,42,28
"15230  Kytölä (Lahti)",...,1031,...,1,6,3
"15240  Mukkula (Lahti)",1215,980,1019,24,50,35
"15270  Kukkila (Hollola)",.,.,.,.,.,.
"15300  Myllypohja-Koiskala (Lahti)",...,655,...,6,31,11
"15320  Ahtiala (Lahti)",...,...,...,2,3,3
"15340  Kunnas-Hiekkanummi (Lahti)",.,.,.,.,.,.
"15500  Liipola (Lahti)",1153,944,899,12,38,25
"15520  Saksala (Lahti)",1521,1260,1230,8,22,14
"15540  Villähde (Lahti)",.,...,...,.,2,1
"15550  Rakokivi (Lahti)",...,1129,...,2,9,2
"15560  Nastola kk (Lahti)",860,1043,858,8,19,7
"15610  Laune-Nikkilä (Lahti)",1877,...,...,7,1,1
"15680  Renkomäki-Ämmälä (Lahti)",.,.,.,.,.,.
"15700  Hennala-Jokimaa (Lahti)",1999,1706,1892,9,27,26
"15800  Kärpänen (Lahti)",1763,1379,1249,10,10,20
"15810  Kasakkamäki (Lahti)",...,811,...,4,8,2
"15830  Metsäkangas (Lahti)",748,868,948,19,48,27
"15840  Riihelä (Lahti)",...,...,...,1,1,4
"15850  Likolampi (Lahti)",.,.,.,.,.,.
"15860  Kartano (Hollola)",835,950,899,9,15,23
"15870  Salpakangas (Hollola)",...,1581,1681,3,16,15
"15880  Soramäki (Hollola)",...,1170,890,5,8,7
"15900  Jalkaranta (Lahti)",...,...,3055,1,5,12
"15950  Kiikkula (Lahti)",1840,1417,1682,8,15,25
"15980  Messilä (Hollola)",.,.,.,.,.,.
"16100  Uusikylä (Lahti)",...,.,.,2,.,.
"16200  Artjärvi Keskus (Orimattila)",.,...,.,.,1,.
"16260  Hietana (Orimattila)",.,.,.,.,.,.
"16300  Orimattila Keskus (Orimattila)",1121,1159,1090,11,25,15
"16320  Pennala (Orimattila)",.,.,.,.,.,.
"16500  Herrala (Hollola)",.,.,.,.,.,.
"16600  Järvelä (Kärkölä)",...,...,...,1,2,1
"16610  Kärkölä kk (Kärkölä)",.,.,.,.,.,.
"16670  Lappila (Kärkölä)",.,.,.,.,.,.
"16710  Hollola kk (Hollola)",...,...,.,2,1,.
"16800  Hämeenkoski (Hollola)",.,.,.,.,.,.
"16900  Lammi kk (Hämeenlinna)",...,537,...,3,7,7
"17110  Sipilä (Hollola)",.,.,.,.,.,.
"17130  Vesivehmaa (Asikkala)",.,.,.,.,.,.
"17200  Vääksy Keskus (Asikkala)",...,1111,1154,5,19,7
"17240  Kalkkinen (Asikkala)",.,.,.,.,.,.
"17500  Padasjoki Keskus (Padasjoki)",...,...,...,2,6,1
"17610  Auttoinen (Padasjoki)",.,.,.,.,.,.
"17800  Kuhmoinen Keskus (Kuhmoinen)",...,...,...,6,5,4
"18100  Heinola Keskus (Heinola)",1050,1068,1263,32,49,37
"18120  Reumasairaala-alue (Heinola)",.,.,.,.,.,.
"18130  Tommola-Sahanniemi (Heinola)",662,...,...,9,14,9
"18150  Jyränkö (Heinola)",...,1332,...,6,10,2
"18200  Kaakonlampi-Pyhätön (Heinola)",...,...,589,8,9,8
"18300  Heinola kk (Heinola)",...,...,...,3,4,2
"18600  Myllyoja (Heinola)",.,.,.,.,.,.
"19110  Vierumäki taajama (Heinola)",.,.,.,.,.,.
"19120  Vierumäki urheiluopisto (Heinola)",.,.,.,.,.,.
"19160  Huutotöyry (Iitti)",.,.,.,.,.,.
"19210  Lusi (Heinola)",.,.,.,.,.,.
"19260  Paaso-Syrjäkoski (Heinola)",.,.,.,.,.,.
"19410  Kuortti (Pertunmaa)",.,.,.,.,.,.
"19420  Mansikkamäki (Pertunmaa)",.,.,.,.,.,.
"19430  Pertunmaa Keskus (Pertunmaa)",...,.,.,1,.,.
"19470  Lihavanpää-Hartosenpää (Pertunmaa)",.,.,.,.,.,.
"19540  Koitti-Lepsala (Hartola)",.,.,.,.,.,.
"19600  Hartola Keskus (Hartola)",...,...,...,4,5,3
"19650  Joutsa Keskus (Joutsa)",...,969,...,3,10,3
"19670  Mieskonmäki (Joutsa)",.,.,.,.,.,.
"19700  Sysmä Keskus (Sysmä)",...,652,...,3,6,1
"19910  Tammijärvi (Luhanka)",.,.,.,.,.,.
"19950  Luhanka (Luhanka)",.,.,.,.,.,.
"20100  Turku Keskus (Turku)",4632,3936,3716,203,316,244
"20200  Iso-Heikkilä (Turku)",3155,2846,2707,25,47,16
"20210  Pahaniemi (Turku)",1524,1190,1166,8,16,18
"20240  Pansio-Perno (Turku)",...,1193,1081,3,14,10
"20250  Pitkämäki-Muhkuri (Turku)",...,.,.,1,.,.
"20300  Pohjola-Kastu (Turku)",3803,3231,2426,25,39,23
"20320  Kuninkoja-Mälikkälä (Turku)",2734,2132,1954,42,108,109
"20360  Runosmäki-Kärsämäki (Turku)",2055,1514,1304,25,77,64
"20380  Räntämäki-Saramäki (Turku)",.,.,.,.,.,.
"20400  Moisio (Turku)",.,.,.,.,.,.
"20460  Jäkärlä (Turku)",...,1248,882,3,7,9
"20500  Vesilinna (Turku)",4765,4201,3629,33,37,35
"20520  Kupittaa (Turku)",6453,4760,3894,42,60,26
"20540  Nummi-Ylioppilaskylä (Turku)",3684,2755,2171,40,60,72
"20610  Varissuo (Turku)",1677,1468,1346,19,64,71
"20660  Littoinen (Kaarina)",...,...,...,1,2,1
"20700  Vartiovuori-Samppalinna (Turku)",4575,3924,3648,50,57,55
"20720  Vasaramäki (Turku)",3453,2701,2315,24,35,52
"20730  Skanssi (Turku)",.,...,...,.,3,1
"20740  Ilpoinen-Harittu (Turku)",2378,1986,1908,7,45,78
"20750  Huhkola-Lauste-Vaala (Turku)",1128,1112,1070,8,32,28
"20760  Piispanristi (Kaarina)",2699,2322,2230,6,22,21
"20780  Kaarina Keskus (Kaarina)",2041,2305,1870,11,42,31
"20810  Martti-Korppolaismäki (Turku)",4479,3661,3547,84,151,84
"20880  Uittamo (Turku)",2899,2257,2135,6,31,50
"20900  Moikoinen-Pikisaari (Turku)",.,...,...,.,2,2
"20960  Kakskerta (Turku)",.,.,.,.,.,.
"21100  Naantali Keskus (Naantali)",2546,2252,2267,32,75,34
"21110  Taimo-Nuhjala-Lietsala (Naantali)",.,1437,...,.,13,4
"21120  Viherjäinen (Raisio)",...,...,...,2,1,2
"21130  Poikko (Naantali)",.,.,.,.,.,.
"21140  Rymättylä Keskus (Naantali)",...,...,...,3,3,1
"21150  Röölä (Naantali)",.,.,.,.,.,.
"21160  Merimasku (Naantali)",.,.,.,.,.,.
"21195  Velkua (Naantali)",.,.,.,.,.,.
"21200  Raisio Keskus (Raisio)",2056,1818,1739,23,124,61
"21210  Hakinmäki (Raisio)",...,1305,...,2,6,5
"21220  Somersoja (Raisio)",.,1189,...,.,7,1
"21230  Lemu (Masku)",.,.,.,.,.,.
"21240  Askainen Keskus (Masku)",.,.,.,.,.,.
"21250  Masku (Masku)",...,1647,...,4,8,3
"21260  Ihala (Raisio)",...,...,1005,2,4,9
"21270  Nousiainen (Nousiainen)",...,...,...,1,2,5
"21280  Kuloinen (Raisio)",...,...,...,1,1,1
"21290  Rusko (Rusko)",.,...,...,.,2,1
"21310  Vahto (Rusko)",.,...,.,.,1,.
"21330  Paattinen (Turku)",.,.,...,.,.,1
"21350  Ilmarinen (Lieto)",.,.,.,.,.,.
"21360  Lieto Asemanseutu (Lieto)",.,.,.,.,.,.
"21370  Aura kk. (Aura)",.,.,.,.,.,.
"21380  Aura Keskus (Aura)",.,...,...,.,4,1
"21410  Vanhalinna (Lieto)",.,.,.,.,.,.
"21420  Lieto Keskus (Lieto)",2208,2752,2484,18,15,7
"21430  Yliskulma (Lieto)",...,.,.,1,.,.
"21450  Tarvasjoki Keskus (Lieto)",...,...,.,1,1,.
"21490  Marttila (Marttila)",.,...,.,.,3,.
"21500  Piikkiö (Kaarina)",1982,1554,1685,7,11,12
"21530  Paimio Keskus (Paimio)",1292,1296,1228,17,31,28
"21540  Preitilä (Paimio)",.,.,.,.,.,.
"21560  Ollila (Marttila)",.,.,.,.,.,.
"21570  Sauvo Keskus (Sauvo)",.,...,...,.,2,2
"21590  Karuna (Sauvo)",.,.,.,.,.,.
"21600  Parainen Keskus (Pargas)",1448,1439,1474,14,36,26
"21610  Kirjala (Pargas)",.,.,.,.,.,.
"21620  Kuusisto (Kaarina)",.,.,.,.,.,.
"21630  Lielahti (Pargas)",.,.,.,.,.,.
"21650  Lillandet (Pargas)",.,.,.,.,.,.
"21660  Nauvo Keskus (Pargas)",...,...,.,2,1,.
"21710  Korppoo Keskus-Utö (Pargas)",.,...,.,.,1,.
"21740  Utö (Pargas)",.,.,.,.,.,.
"21750  Norrskata (Pargas)",.,.,.,.,.,.
"21760  Houtskär Keskus (Pargas)",.,.,.,.,.,.
"21770  Mossala (Pargas)",.,.,.,.,.,.
"21800  Kyrö (Pöytyä)",...,.,...,1,.,1
"21820  Kumila (Pöytyä)",.,.,.,.,.,.
"21860  Auvainen (Pöytyä)",.,.,.,.,.,.
"21870  Riihikoski (Pöytyä)",...,...,.,1,1,.
"21880  Pöytyä (Pöytyä)",.,.,.,.,.,.
"21900  Yläne Keskus (Pöytyä)",.,...,...,.,1,1
"21930  Uusikartano (Pöytyä)",.,.,.,.,.,.
"23100  Mynämäki Keskus (Mynämäki)",...,1257,...,2,8,1
"23120  Mietoinen Keskus (Mynämäki)",.,.,.,.,.,.
"23140  Hietamäki (Mynämäki)",.,.,.,.,.,.
"23200  Vinkkilä (Vehmaa)",...,...,...,2,2,1
"23260  Rautila (Vehmaa)",.,...,.,.,1,.
"23310  Taivassalo (Taivassalo)",.,...,...,.,1,1
"23360  Kustavi (Kustavi)",.,.,.,.,.,.
"23450  Lokalahti (Uusikaupunki)",.,.,.,.,.,.
"23500  Uusikaupunki Keskus (Uusikaupunki)",1292,1189,1251,13,64,31
"23600  Kalanti Keskus (Uusikaupunki)",.,...,.,.,1,.
"23800  Laitila Keskus (Laitila)",...,959,1243,2,16,9
"23930  Pyhämaa (Uusikaupunki)",.,.,.,.,.,.
"23950  Pyhäranta (Pyhäranta)",.,.,.,.,.,.
"24100  Salo Keskus (Salo)",1800,1566,1532,45,76,61
"24130  Ylhäisi (Salo)",...,...,1064,2,5,7
"24240  Rappula (Salo)",1477,1146,1731,11,29,8
"24260  Ollikkala (Salo)",...,749,...,4,12,1
"24280  Tupuri-Hähkänä (Salo)",.,.,.,.,.,.
"24800  Halikko Keskus (Salo)",1152,1077,851,6,18,13
"24910  Halikko Asemanseutu (Salo)",.,.,.,.,.,.
"25110  Kruusila (Salo)",.,.,.,.,.,.
"25130  Muurla (Salo)",.,.,.,.,.,.
"25160  Tuohittu (Salo)",.,.,.,.,.,.
"25190  Inkere (Salo)",.,...,.,.,2,.
"25210  Vartsala (Salo)",.,.,.,.,.,.
"25230  Angelniemi (Salo)",.,.,.,.,.,.
"25240  Hajala (Salo)",.,.,.,.,.,.
"25250  Märynummi (Salo)",...,...,.,1,1,.
"25260  Vaskio (Salo)",.,...,.,.,1,.
"25320  Raatala (Salo)",.,.,.,.,.,.
"25330  Kuusjoki Keskus (Salo)",.,.,.,.,.,.
"25340  Kanunki (Salo)",.,.,.,.,.,.
"25360  Pertteli Keskus (Salo)",.,...,...,.,1,1
"25370  Hiisi (Salo)",.,.,.,.,.,.
"25380  Rekijoki (Salo)",.,.,.,.,.,.
"25390  Kiikala Keskus (Salo)",.,.,.,.,.,.
"25410  Suomusjärvi Keskus (Salo)",.,.,.,.,.,.
"25460  Toija (Salo)",...,.,...,1,.,1
"25470  Kisko kk (Salo)",.,.,.,.,.,.
"25500  Perniö Keskus (Salo)",...,...,...,3,3,3
"25520  Perniö Asemanseutu (Salo)",.,.,.,.,.,.
"25550  Aijala (Salo)",...,...,.,1,4,.
"25570  Teijo-Mathildedal (Salo)",.,...,...,.,2,1
"25630  Finby (Salo)",.,.,.,.,.,.
"25640  Förby (Salo)",.,.,.,.,.,.
"25650  Strömma (Kimitoön)",.,.,.,.,.,.
"25660  Mathildedal (Salo)",2555,.,.,6,.,.
"25700  Kemiö Keskus (Kimitoön)",.,...,...,.,1,2
"25830  Västanfjärd Keskus (Kimitoön)",.,.,.,.,.,.
"25860  Björkboda (Kimitoön)",...,.,.,1,.,.
"25870  Dragsfjärd (Kimitoön)",...,...,...,1,3,1
"25900  Taalintehdas (Kimitoön)",...,1012,...,4,12,1
"25960  Högsåra (Kimitoön)",.,.,.,.,.,.
"26100  Rauma Keskus (Rauma)",1843,1666,1595,49,118,88
"26200  Merirauma-Kappelinluhta (Rauma)",...,941,902,5,9,9
"26410  Kaaro (Rauma)",.,.,.,.,.,.
"26510  Uotila (Rauma)",.,...,.,.,1,.
"26660  Paroalho (Rauma)",1348,1014,844,10,41,29
"26720  Monnanummi (Rauma)",.,.,.,.,.,.
"26820  Sampaanala (Rauma)",...,...,751,1,3,7
"26840  Kortela (Rauma)",.,.,.,.,.,.
"27100  Eurajoki Keskus (Eurajoki)",...,...,...,3,5,3
"27150  Lapijoki (Eurajoki)",.,.,.,.,.,.
"27230  Lappi (Rauma)",.,...,.,.,2,.
"27310  Kodisjoki (Rauma)",.,.,...,.,.,1
"27320  Ihode (Pyhäranta)",.,.,.,.,.,.
"27400  Kiukainen Keskus (Eura)",...,.,.,1,.,.
"27430  Panelia (Eura)",.,.,.,.,.,.
"27450  Harola (Eura)",.,.,.,.,.,.
"27500  Kauttua (Eura)",.,...,...,.,2,4
"27510  Eura Keskus (Eura)",...,884,...,1,7,4
"27600  Hinnerjoki (Eura)",.,.,.,.,.,.
"27640  Honkilahti kk (Eura)",.,.,.,.,.,.
"27650  Honkilahti (Eura)",.,.,.,.,.,.
"27670  Mannila (Eura)",.,.,.,.,.,.
"27710  Köyliö Keskus (Säkylä)",...,...,.,1,1,.
"27730  Tuiskula (Säkylä)",.,.,.,.,.,.
"27750  Yttilä (Säkylä)",.,.,.,.,.,.
"27800  Säkylä Keskus (Säkylä)",...,...,...,1,6,1
"27820  Iso-Vimma (Säkylä)",.,...,...,.,4,1
"27840  Kakkuri (Säkylä)",.,...,.,.,1,.
"27860  Vuori (Säkylä)",.,.,.,.,.,.
"27910  Huovinrinne (Säkylä)",.,...,...,.,5,2
"27920  Otajoki (Säkylä)",.,.,.,.,.,.
"28100  Pori Keskus (Pori)",2340,1963,1953,69,114,102
"28120  Käppärä-Isomäki (Pori)",997,1039,1081,12,14,17
"28130  Impola (Pori)",2174,1443,1342,30,41,42
"28190  Pormestarinluoto (Pori)",766,681,658,16,16,13
"28200  Toejoki (Pori)",.,.,.,.,.,.
"28220  Ruosniemi (Pori)",.,.,.,.,.,.
"28240  Isojoenranta (Pori)",.,.,.,.,.,.
"28260  Harjunpää (Ulvila)",.,.,.,.,.,.
"28300  Kalaholma-Väinölä (Pori)",.,.,.,.,.,.
"28330  Koivistonluoto (Pori)",640,617,581,14,10,7
"28360  Vanhakoivisto (Pori)",.,940,1101,.,11,15
"28370  Sampola (Pori)",591,519,...,6,26,8
"28400  Ulvila Keskus (Ulvila)",.,1294,1610,.,16,15
"28430  Kartano-Harmaalinna (Pori)",.,.,.,.,.,.
"28450  Vanha-Ulvila (Ulvila)",...,...,...,1,1,2
"28500  Keskussairaala-alue-Tiilimäki (Pori)",...,...,.,6,3,.
"28540  Pinomäki (Pori)",.,.,.,.,.,.
"28600  Vähärauma (Pori)",...,914,...,1,7,3
"28610  Musa-Tiiliruukki (Pori)",...,...,...,2,4,1
"28660  Pietniemi-Leppäkorpi (Pori)",.,.,.,.,.,.
"28760  Kyläsaari (Pori)",.,.,.,.,.,.
"28800  Pihlava (Pori)",...,...,...,5,30,16
"28840  Yyteri-Kaanaa (Pori)",.,...,...,.,1,2
"28880  Mäntyluoto (Pori)",.,578,...,.,9,4
"28900  Tahkoluoto-Reposaari (Pori)",.,...,.,.,1,.
"29100  Luvia Keskus (Eurajoki)",...,...,...,3,5,4
"29200  Harjavalta Keskus (Harjavalta)",...,988,987,4,16,18
"29250  Nakkila Keskus (Nakkila)",...,...,...,2,3,1
"29310  Kaasmarkku (Ulvila)",.,.,.,.,.,.
"29340  Kullaa Keskus (Ulvila)",.,.,.,.,.,.
"29600  Noormarkku Keskus (Pori)",...,...,...,1,1,3
"29630  Pomarkku Keskus (Pomarkku)",.,.,.,.,.,.
"29680  Kairila (Pori)",.,.,.,.,.,.
"29700  Ahlainen (Pori)",.,.,.,.,.,.
"29810  Siikainen Keskus (Siikainen)",.,.,.,.,.,.
"29860  Otamo (Siikainen)",.,.,.,.,.,.
"29880  Leväsjoki-Saarineva (Siikainen)",.,.,.,.,.,.
"29900  Merikarvia Keskus-Rannikko (Merikarvia)",.,...,...,.,1,2
"30100  Forssa Keskus (Forssa)",1275,1137,1208,18,54,27
"30300  Viksberg (Forssa)",...,584,601,5,14,10
"30420  Tölö (Forssa)",1146,934,876,8,19,18
"31130  Koijärvi (Forssa)",.,.,.,.,.,.
"31160  Nuutajärvi (Urjala)",.,.,.,.,.,.
"31300  Tammela Keskus (Tammela)",...,...,...,1,5,2
"31350  Vistinkoski (Tammela)",.,.,.,.,.,.
"31380  Letku-Torro (Tammela)",.,.,.,.,.,.
"31400  Somero Keskus (Somero)",837,871,874,10,16,10
"31470  Somerniemi (Somero)",.,.,.,.,.,.
"31500  Koski Tl (Koski Tl)",.,.,...,.,.,2
"31600  Jokioinen Keskus (Jokioinen)",757,...,...,7,1,4
"31610  Vaulammi (Jokioinen)",.,.,.,.,.,.
"31620  Latovainio (Jokioinen)",.,.,.,.,.,.
"31630  Minkiö (Jokioinen)",.,.,.,.,.,.
"31640  Humppila Keskus (Humppila)",...,...,...,5,4,1
"31700  Urjala Asemanseutu-Hanhisuo (Urjala)",.,.,.,.,.,.
"31720  Urjalankylä-Kehro (Urjala)",.,.,.,.,.,.
"31760  Urjala Keskus (Urjala)",.,...,.,.,3,.
"31900  Punkalaidun Keskus (Punkalaidun)",.,...,...,.,1,2
"32100  Ypäjä Keskus (Ypäjä)",...,...,.,1,3,.
"32200  Loimaa Keskus (Loimaa)",833,978,1064,11,20,9
"32210  Loimaa kk (Loimaa)",...,...,...,1,10,1
"32250  Kojonkulma (Loimaa)",.,.,.,.,.,.
"32270  Metsämaa-Murto (Loimaa)",.,.,.,.,.,.
"32300  Mellilä (Loimaa)",.,.,.,.,.,.
"32410  Niinijoki (Loimaa)",.,.,.,.,.,.
"32440  Alastaro Keskus (Loimaa)",.,.,.,.,.,.
"32500  Oripää Keskus (Oripää)",.,.,.,.,.,.
"32560  Virttaa (Loimaa)",.,.,.,.,.,.
"32610  Vampula Keskus (Huittinen)",.,.,.,.,.,.
"32620  Rutava (Huittinen)",.,.,.,.,.,.
"32700  Huittinen Keskus (Huittinen)",960,752,1200,12,41,20
"32730  Keikyä (Sastamala)",.,.,.,.,.,.
"32740  Pehula (Sastamala)",...,...,...,3,3,1
"32800  Kokemäki Keskus (Kokemäki)",...,...,...,5,9,5
"32810  Peipohja (Kokemäki)",.,...,...,.,1,1
"32910  Kauvatsa Asemanseutu (Kokemäki)",.,.,.,.,.,.
"32920  Kauvatsa (Kokemäki)",.,.,.,.,.,.
"33100  Tampere Keskus (Tampere)",5194,4386,4579,139,194,136
"33180  Lapinniemi-Käpylä (Tampere)",5549,5754,5126,7,32,20
"33200  Tampere Keskus Läntinen (Tampere)",5326,4381,4296,38,76,70
"33210  Itä-Amuri-Tammerkoski (Tampere)",4761,4147,4012,24,55,51
"33230  Länsi-Amuri (Tampere)",4238,4058,4006,29,77,57
"33240  Tahmela (Tampere)",...,2979,...,5,7,1
"33250  Pispala (Tampere)",4608,3452,4286,24,14,10
"33270  Epilä (Tampere)",3134,2825,2517,18,48,45
"33300  Rahola (Tampere)",...,2236,2260,5,27,23
"33310  Tesoma (Tampere)",3480,1676,1499,8,51,51
"33330  Myllypuro-Kalkku (Tampere)",2147,1642,1615,7,18,9
"33340  Haukiluoma-Ikuri (Tampere)",...,1800,2088,73,46,7
"33400  Luoteis-Tampere (Tampere)",4051,3547,3494,33,31,20
"33410  Lentävänniemi (Tampere)",3403,2560,2244,38,61,40
"33420  Lamminpää (Tampere)",...,...,.,8,5,.
"33430  Vuorentausta (Ylöjärvi)",.,.,.,.,.,.
"33450  Siivikkala (Ylöjärvi)",.,.,.,.,.,.
"33470  Ylöjärvi Keskus (Ylöjärvi)",2379,2087,2109,7,24,15
"33480  Manninmäki-Haavisto (Ylöjärvi)",2821,1834,2138,7,7,11
"33500  Osmonmäki-Petsamo (Tampere)",3955,3750,3652,76,135,79
"33520  Keskussairaala-alue-Kauppi (Tampere)",...,2850,...,3,15,2
"33530  Kissanmaa (Tampere)",3677,3098,3225,8,46,15
"33540  Kaleva (Tampere)",4319,3758,3743,73,118,71
"33560  Takahuhti (Tampere)",3130,2711,2204,14,53,39
"33580  Atala-Linnainmaa (Tampere)",3281,2788,2630,32,39,34
"33610  Olkahinen-Tasanne (Tampere)",...,...,.,3,5,.
"33680  Aitolahti (Tampere)",.,.,.,.,.,.
"33700  Messukylä (Tampere)",2545,...,.,6,3,.
"33710  Kaukajärvi (Tampere)",3275,2420,2126,29,81,43
"33720  Hervanta (Tampere)",2903,2131,1747,55,141,132
"33730  Leinola-Vehmainen (Tampere)",.,...,...,.,4,2
"33800  Nekala (Tampere)",2511,2780,3068,43,43,16
"33820  Koivistonkylä (Tampere)",2724,2459,2392,12,38,17
"33840  Peltolammi (Tampere)",2492,2000,1492,7,29,25
"33850  Multisilta (Tampere)",2677,1463,1323,13,24,15
"33870  Vuores (Tampere)",4014,3647,3777,59,29,18
"33880  Höytämö (Lempäälä)",...,1518,...,3,21,4
"33900  Härmälä-Rantaperkiö (Tampere)",3833,3776,3459,116,257,142
"33920  Toivio (Pirkkala)",.,.,.,.,.,.
"33950  Killo (Pirkkala)",...,2415,2566,7,17,34
"33960  Suuppa (Pirkkala)",2650,3080,2758,11,37,19
"33980  Pirkkala kk (Pirkkala)",.,.,.,.,.,.
"34110  Lakiala (Ylöjärvi)",.,.,.,.,.,.
"34130  Ylinen (Ylöjärvi)",...,...,...,3,1,1
"34140  Mutala (Ylöjärvi)",.,.,.,.,.,.
"34240  Kämmenteisko (Tampere)",.,.,.,.,.,.
"34260  Terälahti (Tampere)",.,.,.,.,.,.
"34300  Kuru Keskus (Ylöjärvi)",.,.,.,.,.,.
"34450  Jäminkipohja (Ruovesi)",...,.,.,1,.,.
"34600  Ruovesi Keskus-Nenonen (Ruovesi)",...,...,...,4,4,3
"34800  Virrat Keskus (Virrat)",...,668,...,5,8,5
"34870  Visuvesi (Ruovesi)",.,.,.,.,.,.
"34980  Killinkoski (Virrat)",.,.,...,.,.,2
"35100  Orivesi Asemanseutu (Orivesi)",...,...,.,1,1,.
"35220  Eräjärvi (Orivesi)",.,.,.,.,.,.
"35300  Orivesi Keskus (Orivesi)",833,973,1131,9,21,10
"35320  Hirsilä (Orivesi)",.,.,.,.,.,.
"35400  Länkipohja (Jämsä)",...,...,...,1,3,1
"35420  Talviainen (Orivesi)",.,.,.,.,.,.
"35500  Korkeakoski (Juupajoki)",.,.,.,.,.,.
"35530  Lyly (Juupajoki)",.,.,.,.,.,.
"35540  Juupajoki (Juupajoki)",.,.,.,.,.,.
"35600  Halli (Jämsä)",.,...,.,.,2,.
"35630  Suinula-Valkamanperä (Jämsä)",.,.,.,.,.,.
"35700  Vilppula Keskus (Mänttä-Vilppula)",...,...,...,2,1,3
"35800  Mänttä (Mänttä-Vilppula)",556,512,...,13,19,17
"35820  Asemakulma-Mustalahti (Mänttä-Vilppula)",.,.,.,.,.,.
"35990  Kolho (Mänttä-Vilppula)",.,...,...,.,1,1
"36100  Kangasala Asemanseutu (Kangasala)",.,.,.,.,.,.
"36110  Ruutana (Kangasala)",.,.,.,.,.,.
"36200  Kangasala Keskus (Kangasala)",2603,2440,2172,20,39,30
"36220  Suorama (Kangasala)",2060,2008,1702,10,32,31
"36240  Nattari (Kangasala)",3016,2135,1860,7,18,21
"36270  Huutijärvi (Kangasala)",.,...,.,.,1,.
"36280  Pikonlinna (Kangasala)",.,...,...,.,4,2
"36420  Sahalahti Keskus (Kangasala)",.,.,...,.,.,1
"36430  Pakkala (Kangasala)",.,.,.,.,.,.
"36450  Salmentaka (Pälkäne)",.,.,.,.,.,.
"36600  Pälkäne Keskus (Pälkäne)",...,...,...,1,2,1
"36720  Aitoo (Pälkäne)",.,.,.,.,.,.
"36760  Luopioinen Keskus (Pälkäne)",.,.,.,.,.,.
"36810  Kuhmalahti Keskus (Kangasala)",.,.,.,.,.,.
"36840  Kuhmajärvi (Kangasala)",.,.,.,.,.,.
"36910  Rautajärvi (Pälkäne)",.,.,.,.,.,.
"36930  Kyynärö (Pälkäne)",.,.,.,.,.,.
"37100  Nokia Keskus (Nokia)",2338,1887,1803,37,74,51
"37120  Koskenmäki (Nokia)",2658,1835,1776,22,35,17
"37130  Alhoniitty (Nokia)",.,941,1129,.,7,7
"37140  Harjuniitty (Nokia)",.,.,.,.,.,.
"37150  Kankaantaka (Nokia)",...,...,1515,3,4,9
"37200  Siuro (Nokia)",...,...,...,2,4,1
"37240  Linnavuori (Nokia)",...,...,...,4,5,1
"37370  Narva (Vesilahti)",.,.,.,.,.,.
"37380  Krääkkiö (Vesilahti)",.,.,.,.,.,.
"37420  Valkkinen (Vesilahti)",.,.,.,.,.,.
"37470  Vesilahti Keskus (Vesilahti)",.,.,.,.,.,.
"37500  Lempäälä Keskus (Lempäälä)",1934,2321,2210,9,36,30
"37550  Kuivaspää (Lempäälä)",...,1950,...,3,6,1
"37560  Kulju (Lempäälä)",...,...,...,1,3,4
"37570  Koivuniemi (Lempäälä)",.,.,.,.,.,.
"37600  Valkeakoski Keskus (Valkeakoski)",1386,1484,1262,69,56,39
"37630  Vääräkoivu (Valkeakoski)",1115,925,892,10,16,33
"37700  Sääksmäki (Valkeakoski)",.,.,.,.,.,.
"37770  Tarttila (Valkeakoski)",.,.,.,.,.,.
"37800  Toijala keskus (Akaa)",1522,1302,1184,16,44,35
"37830  Viiala Keskus (Akaa)",909,867,654,6,14,7
"37860  Kärjenniemi (Valkeakoski)",.,.,.,.,.,.
"37900  Kylmäkoski Asemanseutu (Akaa)",.,.,.,.,.,.
"37910  Kylmäkoski Keskus (Akaa)",.,.,.,.,.,.
"37960  Sotkia (Akaa)",.,.,.,.,.,.
"38100  Karkku (Sastamala)",.,.,.,.,.,.
"38200  Vammala Keskus (Sastamala)",1377,1534,1437,13,38,18
"38210  Vammala Asemanseutu (Sastamala)",...,885,770,4,14,7
"38250  Roismala (Sastamala)",.,.,.,.,.,.
"38270  Sammaljoki (Sastamala)",.,.,.,.,.,.
"38300  Kiikka (Sastamala)",.,.,.,.,.,.
"38360  Kiikoinen (Sastamala)",.,.,.,.,.,.
"38420  Häijää (Sastamala)",.,.,.,.,.,.
"38460  Mouhijärvi Keskus (Sastamala)",.,...,...,.,1,2
"38510  Suodenniemi (Sastamala)",.,.,.,.,.,.
"38600  Lavia Keskus (Pori)",.,.,...,.,.,1
"38700  Kankaanpää Keskus (Kankaanpää)",1590,1440,811,6,11,6
"38710  Myllymäki (Kankaanpää)",...,618,...,3,15,1
"38800  Jämijärvi Keskus (Jämijärvi)",.,.,.,.,.,.
"38840  Niinisalo (Kankaanpää)",.,.,.,.,.,.
"38950  Honkajoki Keskus (Kankaanpää)",.,.,.,.,.,.
"39100  Hämeenkyrö Keskus (Hämeenkyrö)",...,...,...,1,5,4
"39130  Sasi (Hämeenkyrö)",.,.,.,.,.,.
"39150  Pinsiö (Hämeenkyrö)",.,.,.,.,.,.
"39160  Julkujärvi (Ylöjärvi)",.,.,.,.,.,.
"39200  Kyröskoski (Hämeenkyrö)",...,...,...,1,9,9
"39310  Viljakkala Keskus (Ylöjärvi)",.,.,.,.,.,.
"39340  Karhe (Ylöjärvi)",.,.,.,.,.,.
"39500  Ikaalinen Keskus (Ikaalinen)",...,1088,1053,3,12,8
"39580  Riitiala (Ikaalinen)",.,.,.,.,.,.
"39700  Parkano Keskus (Parkano)",...,1203,625,11,44,24
"39820  Kihniö Keskus (Kihniö)",.,.,.,.,.,.
"39930  Karvia Keskus (Karvia)",.,...,.,.,1,.
"40100  Jyväskylä Keskus (Jyväskylä)",3607,2860,2784,113,291,170
"40200  Mannila-Taulumäki (Jyväskylä)",2735,2555,2624,31,40,19
"40250  Ritoniemi-Lohikoski (Jyväskylä)",1882,1511,1326,11,12,10
"40270  Palokka (Jyväskylä)",2023,2174,1718,10,15,12
"40320  Seppälän Teollisuusalue (Jyväskylä)",1963,1668,1517,18,39,27
"40340  Huhtasuo (Jyväskylä)",997,786,689,28,55,30
"40400  Halssila (Jyväskylä)",...,1726,1754,6,12,12
"40420  Jyskä (Jyväskylä)",2403,1035,2496,22,17,7
"40500  Keljo-Ristonmaa (Jyväskylä)",2930,2603,...,47,32,5
"40520  Kuokkala-Ristikivi (Jyväskylä)",2817,2407,2318,51,138,84
"40530  Keljonkangas (Jyväskylä)",...,...,...,6,5,2
"40600  Mattilanpelto (Jyväskylä)",2319,1663,1863,16,12,11
"40620  Keskussairaala-alue-Kukkumäki (Jyväskylä)",...,.,.,1,.,.
"40630  Kypärämäki (Jyväskylä)",...,1307,...,4,6,7
"40640  Keltinmäki (Jyväskylä)",1097,842,789,22,43,52
"40700  Mäki-Matti (Jyväskylä)",3038,2458,2363,26,49,34
"40720  Nisula (Jyväskylä)",2674,2180,2188,10,30,26
"40740  Kortepohja (Jyväskylä)",2062,1780,1546,17,47,43
"40800  Vaajakoski (Jyväskylä)",951,1350,1099,12,40,15
"40820  Vuoritsalo (Jyväskylä)",...,662,...,1,16,4
"40900  Säynätsalo (Jyväskylä)",...,880,1180,1,8,7
"40930  Kinkomaa (Muurame)",.,...,...,.,1,1
"40950  Muurame Keskus (Muurame)",...,1075,...,4,17,5
"41120  Puuppola (Jyväskylä)",.,.,.,.,.,.
"41140  Kuikka (Jyväskylä)",.,.,.,.,.,.
"41160  Tikkakoski (Jyväskylä)",...,623,927,3,14,10
"41180  Vehniä (Laukaa)",.,.,.,.,.,.
"41210  Jokihaara (Uurainen)",.,.,.,.,.,.
"41220  Höytiä (Uurainen)",.,.,.,.,.,.
"41230  Uurainen Keskus (Uurainen)",.,...,.,.,1,.
"41270  Lannevesi (Saarijärvi)",.,.,.,.,.,.
"41290  Kangashäkki (Uurainen)",.,.,.,.,.,.
"41310  Leppävesi (Laukaa)",.,.,.,.,.,.
"41330  Vihtavuori (Laukaa)",...,...,...,3,5,3
"41340  Laukaa Keskus (Laukaa)",1212,1471,1814,8,12,9
"41350  Laukaa Asemanseutu (Laukaa)",.,...,.,.,1,.
"41390  Äijälä (Laukaa)",.,.,.,.,.,.
"41400  Lievestuore (Laukaa)",.,...,.,.,1,.
"41440  Ruuhimäki (Toivakka)",.,.,.,.,.,.
"41490  Niemisjärvi (Hankasalmi)",.,.,.,.,.,.
"41500  Hankasalmi Asemanseutu (Hankasalmi)",...,...,.,1,1,.
"41520  Hankasalmi Keskus (Hankasalmi)",.,.,.,.,.,.
"41530  Veneranta (Hankasalmi)",.,.,.,.,.,.
"41560  Säkinmäki (Hankasalmi)",.,.,.,.,.,.
"41580  Sauvamäki (Hankasalmi)",.,.,.,.,.,.
"41660  Toivakka Keskus (Toivakka)",.,.,.,.,.,.
"41710  Rutalahti-Kivisuo (Jyväskylä)",.,.,.,.,.,.
"41770  Leivonmäki (Joutsa)",.,.,.,.,.,.
"41800  Korpilahti Keskus (Jyväskylä)",...,...,.,5,6,.
"41820  Saakoski (Jyväskylä)",.,.,.,.,.,.
"41870  Putkilahti (Jyväskylä)",.,.,.,.,.,.
"41900  Petäjävesi Keskus (Petäjävesi)",.,.,.,.,.,.
"41930  Kuohu (Jyväskylä)",.,.,.,.,.,.
"42100  Jämsä Keskus (Jämsä)",691,883,1043,13,28,16
"42220  Kaipola (Jämsä)",...,...,...,3,1,5
"42300  Jämsänkoski Keskus (Jämsä)",...,792,...,3,16,3
"42440  Koskenpää (Jämsä)",.,.,.,.,.,.
"42600  Multia Keskus-Väätäiskylä (Multia)",.,.,.,.,.,.
"42700  Keuruu Keskus (Keuruu)",672,763,757,13,39,15
"42720  Valkealahti (Keuruu)",.,...,...,.,2,1
"42800  Haapamäki (Keuruu)",.,...,...,.,1,2
"42850  Pohjaslahti (Mänttä-Vilppula)",.,.,.,.,.,.
"42910  Pihlajavesi (Keuruu)",.,.,.,.,.,.
"43100  Saarijärvi Keskus (Saarijärvi)",643,1192,916,8,13,11
"43220  Mahlu (Saarijärvi)",.,.,.,.,.,.
"43270  Kalmari (Saarijärvi)",.,.,.,.,.,.
"43300  Kannonkoski Keskus (Kannonkoski)",.,.,.,.,.,.
"43440  Pylkönmäki Keskus (Saarijärvi)",.,.,.,.,.,.
"43500  Karstula Keskus (Karstula)",...,.,.,1,.,.
"43610  Aho (Karstula)",.,.,.,.,.,.
"43700  Kyyjärvi Keskus (Kyyjärvi)",.,.,.,.,.,.
"43800  Kivijärvi Keskus-Sompala (Kivijärvi)",.,...,.,.,1,.
"43900  Kinnula Keskus (Kinnula)",.,...,.,.,1,.
"44100  Äänekoski Keskus (Äänekoski)",964,1045,1128,6,27,14
"44120  Mämmensalmi-Mustaniemi (Äänekoski)",.,...,.,.,1,.
"44150  Likolahti-Karhunlähde (Äänekoski)",...,658,...,5,9,7
"44160  Huutomäki (Äänekoski)",.,...,...,.,1,2
"44200  Suolahti Keskus (Äänekoski)",...,445,625,6,7,16
"44220  Sörkänmäki (Äänekoski)",.,.,.,.,.,.
"44260  Vihijärvi (Äänekoski)",.,.,.,.,.,.
"44280  Sumiainen Keskus (Äänekoski)",.,.,.,.,.,.
"44300  Konnevesi Keskus (Konnevesi)",...,...,.,1,3,.
"44400  Konginkangas Keskus (Äänekoski)",.,.,.,.,.,.
"44420  Liimattala (Äänekoski)",.,.,.,.,.,.
"44500  Viitasaari Keskus (Viitasaari)",602,...,...,7,6,2
"44670  Suovanlahti (Viitasaari)",.,.,.,.,.,.
"44800  Pihtipudas Keskus (Pihtipudas)",.,.,.,.,.,.
"44880  Muurasjärvi (Pihtipudas)",.,.,.,.,.,.
"44920  Peninki (Pihtipudas)",.,.,.,.,.,.
"44950  Kärväsjärvi (Pihtipudas)",.,.,.,.,.,.
"45100  Kouvola Keskus (Kouvola)",1490,1588,1579,29,67,45
"45120  Kotkankallio-Vahteronmäki (Kouvola)",...,...,...,1,1,5
"45130  Korjala-Kaunisnurmi (Kouvola)",1134,...,...,14,5,5
"45150  Kankaronmäki-Eskolanmäki (Kouvola)",588,552,538,9,17,15
"45160  Lehtomäki (Kouvola)",961,932,777,7,25,17
"45200  Tornionmäki (Kouvola)",900,928,1042,9,35,20
"45360  Kukkuramäki (Kouvola)",...,...,...,1,1,1
"45370  Valkeala kk (Kouvola)",.,...,.,.,2,.
"45410  Utti (Kouvola)",.,.,.,.,.,.
"45460  Savero (Kouvola)",.,.,.,.,.,.
"45610  Koria (Kouvola)",...,...,...,2,1,1
"45700  Kuusankoski Keskus (Kouvola)",749,988,1011,20,53,30
"45720  Kotiharju-Puhjonmäki (Kouvola)",.,...,.,.,1,.
"45740  Maunuksela (Kouvola)",...,...,.,6,1,.
"45810  Pilkanmaa (Kouvola)",.,...,.,.,1,.
"45910  Voikkaa (Kouvola)",...,...,...,3,5,6
"46110  Tuohikotti (Kouvola)",.,.,.,.,.,.
"46140  Vekaranjärvi (Kouvola)",.,.,.,.,.,.
"46400  Kaipiainen (Kouvola)",.,.,.,.,.,.
"46450  Enäjärvi (Kouvola)",.,.,.,.,.,.
"46710  Sippola (Kouvola)",.,.,.,.,.,.
"46800  Myllykoski (Kouvola)",...,...,...,1,9,2
"46810  Ummeljoki (Kouvola)",.,.,.,.,.,.
"46860  Anjalankoski Keskus (Kouvola)",.,.,.,.,.,.
"46900  Inkeroinen (Kouvola)",...,...,...,1,6,4
"46910  Anjala (Kouvola)",.,.,.,.,.,.
"47200  Elimäki kk (Kouvola)",...,...,...,3,17,2
"47400  Kausala (Iitti)",...,...,...,3,3,2
"47710  Jaala kk (Kouvola)",.,.,.,.,.,.
"47760  Huhdasjärvi (Kouvola)",.,.,.,.,.,.
"47900  Vuohijärvi (Kouvola)",...,...,.,1,2,.
"48100  Kotkansaari (Kotka)",1719,1546,1678,53,134,73
"48130  Katariina (Kotka)",...,...,...,5,3,2
"48200  Hovinsaari (Kotka)",988,916,...,18,14,6
"48210  Toukolan Sairaala-Alue (Kotka)",.,...,.,.,1,.
"48220  Metsola (Kotka)",...,...,...,2,3,1
"48230  Korela-Jylppy (Kotka)",...,.,.,4,.,.
"48300  Ruonala (Kotka)",.,...,.,.,1,.
"48310  Mussalo (Kotka)",.,...,...,.,1,3
"48350  Karhuvuori (Kotka)",572,502,514,18,30,24
"48400  Sutela (Kotka)",.,...,...,.,4,2
"48410  Kaukola (Kotka)",.,.,.,.,.,.
"48600  Karhula (Kotka)",931,1067,1065,26,71,36
"48700  Kyminlinna (Kotka)",...,606,...,4,10,3
"48710  Koivula (Kotka)",.,.,.,.,.,.
"48720  Kymi (Kotka)",.,.,.,.,.,.
"48750  Nikeli (Kotka)",.,.,.,.,.,.
"48770  Ristinkallio (Kotka)",...,...,...,2,1,1
"48800  Otsola-Mäntykangas (Kotka)",.,.,.,.,.,.
"48810  Rantahaka (Kotka)",.,.,.,.,.,.
"48900  Sunila (Kotka)",884,707,...,6,8,3
"48910  Suulisniemi (Kotka)",...,...,...,2,1,2
"48930  Tiutinen (Kotka)",.,.,.,.,.,.
"49210  Huutjärvi (Pyhtää)",.,.,.,.,.,.
"49220  Siltakylä (Pyhtää)",.,...,.,.,1,.
"49270  Pyhtää kk (Pyhtää)",...,.,.,1,.,.
"49290  Vastila (Pyhtää)",.,.,.,.,.,.
"49400  Hamina Keskus (Hamina)",1132,1381,1255,18,26,17
"49410  Poitsila (Hamina)",.,564,498,.,14,9
"49420  Uusi-Summa (Hamina)",.,...,.,.,1,.
"49460  Hillo (Hamina)",...,...,...,3,5,1
"49490  Neuvoton (Hamina)",.,.,.,.,.,.
"49510  Husula (Hamina)",...,...,...,8,25,24
"49570  Kannusjärvi (Hamina)",.,.,.,.,.,.
"49700  Miehikkälä Kirkonkylä (Miehikkälä)",.,.,.,.,.,.
"49730  Muurikkala (Miehikkälä)",.,.,.,.,.,.
"49760  Suur-Miehikkälä (Miehikkälä)",.,.,.,.,.,.
"49860  Klamila (Virolahti)",.,.,.,.,.,.
"49900  Virolahti Keskus (Virolahti)",.,.,...,.,.,3
"49980  Ravijoki (Virolahti)",.,.,.,.,.,.
"50100  Mikkeli Keskus (Mikkeli)",2208,1752,1765,55,101,66
"50120  Siekkilä (Mikkeli)",...,...,723,4,6,9
"50130  Nuijamies (Mikkeli)",...,1693,1347,5,6,13
"50150  Karkialampi (Mikkeli)",.,.,.,.,.,.
"50160  Kattilansilta (Mikkeli)",700,618,630,8,15,15
"50170  Peitsari (Mikkeli)",1975,1641,1204,8,11,11
"50180  Visulahti (Mikkeli)",.,.,.,.,.,.
"50190  Tuppurala (Mikkeli)",...,2247,1707,1,19,16
"50200  Kovala (Mikkeli)",.,.,.,.,.,.
"50500  Tuukkala-Kaituenmäki (Mikkeli)",...,.,...,1,.,1
"50520  Moision Sairaala-alue (Mikkeli)",...,...,.,1,1,.
"50600  Karikko (Mikkeli)",...,...,...,1,3,5
"50670  Otava (Mikkeli)",.,.,...,.,.,1
"50700  Syysjärvi (Mikkeli)",.,.,.,.,.,.
"50970  Ihastjärvi (Mikkeli)",.,...,...,.,1,4
"51200  Kangasniemi Keskus (Kangasniemi)",...,775,...,3,13,2
"51600  Haukivuori Keskus-Piitkäaho (Mikkeli)",...,.,...,1,.,2
"51850  Vuorenmaa (Juva)",.,.,.,.,.,.
"51900  Juva Keskus (Juva)",...,618,...,6,7,1
"52100  Anttola (Mikkeli)",.,.,...,.,.,1
"52200  Puumala Keskus (Puumala)",...,...,.,3,3,.
"52230  Hurissalo (Puumala)",.,.,.,.,.,.
"52300  Ristiina Keskus (Mikkeli)",.,...,.,.,2,.
"52320  Vitsiälä (Mikkeli)",.,.,.,.,.,.
"52420  Pellosniemi (Mikkeli)",...,...,.,6,2,.
"52510  Hietanen (Hirvensalmi)",.,.,.,.,.,.
"52550  Hirvensalmi Keskus (Hirvensalmi)",.,.,.,.,.,.
"52610  Tuukkalanlahti (Hirvensalmi)",.,.,.,.,.,.
"52700  Mäntyharju Keskus (Mäntyharju)",...,871,...,5,9,3
"52720  Karankamäki-Koirakivi (Mäntyharju)",.,.,.,.,.,.
"52830  Suomenniemi (Mikkeli)",.,.,.,.,.,.
"53100  Lappeenranta keskus (Lappeenranta)",2692,2458,2462,71,109,65
"53130  Keskussairaala-alue-Kimpinen (Lappeenranta)",...,...,...,2,3,1
"53200  Kaukas-Tirilä (Lappeenranta)",...,1399,1372,4,9,10
"53300  Lauritsala-Mälkiä (Lappeenranta)",1207,1206,...,7,16,5
"53400  Laihia (Lappeenranta)",.,.,.,.,.,.
"53420  Mustola (Lappeenranta)",.,.,.,.,.,.
"53500  Parkkarila-Harapainen-Reijola (Lappeenranta)",...,...,...,1,1,1
"53550  Kourulanmäki (Lappeenranta)",.,.,.,.,.,.
"53600  Kesämäki (Lappeenranta)",2732,2521,2165,10,27,20
"53650  Mattila-Kuusela (Lappeenranta)",.,...,...,.,2,2
"53810  Kuusimäki-Lavola (Lappeenranta)",1358,1132,1209,11,28,20
"53830  Rutola (Lappeenranta)",.,.,.,.,.,.
"53850  Skinnarila (Lappeenranta)",1623,1116,932,9,17,11
"53900  Pallo-Tysterniemi-Leiri (Lappeenranta)",2843,2855,2662,17,29,22
"53920  Voisalmi (Lappeenranta)",987,1236,1102,13,14,14
"53950  Kivisalmi (Lappeenranta)",.,851,...,.,10,2
"54100  Joutseno Keskus (Lappeenranta)",...,1015,...,1,18,1
"54110  Lampikangas (Lappeenranta)",.,.,.,.,.,.
"54120  Pulp (Lappeenranta)",...,...,...,4,12,10
"54190  Konnunsuo (Lappeenranta)",.,.,.,.,.,.
"54230  Nuijamaa (Lappeenranta)",.,.,.,.,.,.
"54270  Vainikkala (Lappeenranta)",.,.,.,.,.,.
"54330  Simola (Lappeenranta)",.,.,.,.,.,.
"54410  Ylämaa Keskus (Lappeenranta)",.,.,.,.,.,.
"54430  Hujakkala (Lappeenranta)",.,.,.,.,.,.
"54500  Taavetti-Somerharju (Luumäki)",...,...,...,1,7,7
"54530  Luumäki (Luumäki)",.,.,.,.,.,.
"54710  Lemi Keskus (Lemi)",.,.,.,.,.,.
"54770  Heituinlahti (Savitaipale)",.,.,.,.,.,.
"54800  Savitaipale Keskus (Savitaipale)",...,...,...,1,1,2
"54820  Kotimäki (Lemi)",.,.,.,.,.,.
"54850  Kuukanniemi (Lemi)",.,.,.,.,.,.
"54915  Saimaanharju-Kyläniemi (Taipalsaari)",.,.,.,.,.,.
"54920  Taipalsaari (Taipalsaari)",.,...,.,.,1,.
"54950  Pettilä (Savitaipale)",.,.,.,.,.,.
"54960  Vehkataipale (Taipalsaari)",.,.,.,.,.,.
"55100  Imatra Keskus (Imatra)",847,1165,1483,21,23,15
"55120  Mansikkala-Tuulikallio (Imatra)",693,656,...,16,14,5
"55300  Rauha-Tiuruniemi (Lappeenranta)",...,...,...,3,4,2
"55320  Rauha (Lappeenranta)",...,.,...,5,.,1
"55330  Tiuruniemi (Lappeenranta)",.,.,.,.,.,.
"55400  Tainionkoski-Mustalampi (Imatra)",...,.,.,2,.,.
"55420  Karhumäki-Karhukallio (Imatra)",...,.,.,1,.,.
"55510  Sotkulampi-Linnasuo (Imatra)",...,450,...,3,9,7
"55610  Rajapatsas-Teppanala (Imatra)",...,465,...,5,8,6
"55700  Vintteri-Virasoja (Imatra)",.,...,.,.,1,.
"55800  Vuoksenniska-Saarlampi (Imatra)",458,407,...,17,18,13
"55910  Rautio-Kurkvuori (Imatra)",...,...,...,2,2,3
"56100  Ruokolahti Keskus (Ruokolahti)",...,...,...,1,2,1
"56120  Salosaari (Ruokolahti)",.,.,.,.,.,.
"56610  Rautjärvi (Rautjärvi)",.,.,.,.,.,.
"56710  Miettilä (Rautjärvi)",.,.,.,.,.,.
"56730  Laikko (Rautjärvi)",.,.,.,.,.,.
"56800  Simpele (Rautjärvi)",...,...,...,3,2,3
"57100  Heikinpohja-Piispanmäki (Savonlinna)",1244,1605,1507,29,53,38
"57120  Savonlinna (Savonlinna)",.,.,.,.,.,.
"57130  Savonlinna Keskus (Savonlinna)",1804,1408,1638,8,25,17
"57170  Sortteerinlahti-Talvisalo (Savonlinna)",1015,1086,1195,10,16,15
"57200  Miekonniemi-Venäjänniemi (Savonlinna)",960,1208,903,9,8,11
"57210  Nojanmaa (Savonlinna)",...,825,...,1,11,2
"57220  Haka-alue-Viuhonmäki (Savonlinna)",...,...,...,2,5,6
"57230  Inkerinkylä (Savonlinna)",...,370,...,3,9,3
"57510  Laitaatsilta (Savonlinna)",.,.,.,.,.,.
"57600  Poukkusilta-Pihlajaniemi (Savonlinna)",.,.,.,.,.,.
"57710  Kellarpelto-Rantakoivikko (Savonlinna)",.,.,.,.,.,.
"58150  Makkola (Savonlinna)",.,.,.,.,.,.
"58175  Enonkoski Keskus (Enonkoski)",.,.,.,.,.,.
"58200  Kerimäki Keskus (Savonlinna)",...,...,...,1,1,1
"58220  Louhi (Savonlinna)",.,.,.,.,.,.
"58300  Savonranta Keskus (Savonlinna)",...,...,...,2,5,1
"58410  Haapakallio (Savonlinna)",.,.,.,.,.,.
"58450  Punkaharju (Savonlinna)",.,.,.,.,.,.
"58500  Punkasalmi (Savonlinna)",.,...,...,.,3,1
"58550  Putikko (Savonlinna)",.,...,.,.,1,.
"58620  Lohilahti (Sulkava)",.,.,.,.,.,.
"58700  Sulkava Keskus (Sulkava)",.,...,...,.,1,1
"58770  Pihlajalahti (Savonlinna)",.,.,.,.,.,.
"58810  Kallislahti (Savonlinna)",.,.,.,.,.,.
"58850  Hiltula (Rantasalmi)",.,.,.,.,.,.
"58900  Rantasalmi Keskus (Rantasalmi)",...,...,...,3,5,1
"58910  Rantasalmi Asemanseutu (Rantasalmi)",.,.,.,.,.,.
"59100  Parikkala Keskus (Parikkala)",...,407,...,3,7,1
"59310  Särkisalmi (Parikkala)",.,.,.,.,.,.
"59510  Maironiemi (Parikkala)",.,.,.,.,.,.
"59720  Niukkala (Parikkala)",.,.,.,.,.,.
"59730  Uukuniemi (Parikkala)",.,.,.,.,.,.
"59800  Kesälahti Keskus (Kitee)",.,.,.,.,.,.
"60100  Seinäjoki Keskus (Seinäjoki)",2777,2134,2150,55,140,111
"60120  Pohja (Seinäjoki)",...,2056,2059,4,9,9
"60150  Kasperi (Seinäjoki)",...,...,1121,3,6,8
"60200  Törnävä (Seinäjoki)",...,2233,2077,5,33,21
"60220  Huhtala (Seinäjoki)",...,...,2138,5,5,6
"60320  Alakylä-Jouppi (Seinäjoki)",3735,3167,...,8,10,3
"60420  Impivaara (Seinäjoki)",.,.,.,.,.,.
"60510  Hyllykallio (Seinäjoki)",...,2322,...,4,27,3
"60550  Nurmo Keskus (Seinäjoki)",...,...,...,1,1,5
"60560  Halkosaari (Seinäjoki)",.,.,.,.,.,.
"60640  Kurjenneva (Seinäjoki)",.,.,.,.,.,.
"60720  Tuomikylä (Ilmajoki)",.,.,.,.,.,.
"60760  Pojanluoma (Ilmajoki)",.,.,.,.,.,.
"60800  Ilmajoki Keskus (Ilmajoki)",...,...,...,2,11,1
"61100  Peräseinäjoki Keskus (Seinäjoki)",.,.,.,.,.,.
"61270  Luopajärvi (Kurikka)",.,.,.,.,.,.
"61280  Jokipii (Kurikka)",.,.,.,.,.,.
"61300  Kurikka Keskus (Kurikka)",...,...,...,4,4,7
"61310  Panttila (Kurikka)",.,.,.,.,.,.
"61330  Koskenkorva (Ilmajoki)",.,...,.,.,1,.
"61360  Mieto (Kurikka)",.,.,.,.,.,.
"61400  Ylistaro Keskus (Seinäjoki)",.,.,.,.,.,.
"61470  Kitinoja (Seinäjoki)",.,.,.,.,.,.
"61500  Isokyrö Keskus (Isokyrö)",.,...,...,.,3,1
"61520  Lehmäjoki (Isokyrö)",.,.,.,.,.,.
"61550  Orismala (Isokyrö)",.,.,.,.,.,.
"61600  Jalasjärvi Keskus (Kurikka)",.,...,...,.,3,3
"61720  Koskue (Kurikka)",.,.,.,.,.,.
"61800  Kauhajoki Keskus (Kauhajoki)",.,.,...,.,.,2
"61840  Norinkylä (Teuva)",.,.,.,.,.,.
"61850  Kauhajoki Asemanseutu (Kauhajoki)",.,.,.,.,.,.
"61980  Päntäne (Kauhajoki)",.,.,.,.,.,.
"62100  Lapua Keskus (Lapua)",1550,1152,913,7,10,14
"62190  Ruha (Lapua)",.,.,.,.,.,.
"62200  Kauhava Keskus (Kauhava)",...,...,...,1,5,3
"62300  Härmä (Kauhava)",.,.,.,.,.,.
"62370  Kangasto (Kauhava)",.,.,.,.,.,.
"62375  Ylihärmä Keskus-Vesiluoma (Kauhava)",.,...,...,.,2,1
"62420  Kortesjärvi Keskus (Kauhava)",.,.,.,.,.,.
"62500  Evijärvi Keskus (Evijärvi)",.,.,.,.,.,.
"62510  Kuoppa-aho (Evijärvi)",.,.,.,.,.,.
"62520  Kautiainen (Evijärvi)",.,.,.,.,.,.
"62600  Lappajärvi Keskus (Lappajärvi)",.,.,.,.,.,.
"62660  Itäkylä (Lappajärvi)",.,.,.,.,.,.
"62800  Vimpeli Keskus (Vimpeli)",.,...,...,.,1,1
"62830  Luoma-Aho (Alajärvi)",.,.,.,.,.,.
"62900  Alajärvi Keskus (Alajärvi)",...,...,...,2,2,1
"63100  Kuortane Keskus (Kuortane)",.,...,.,.,1,.
"63130  Mäyry (Kuortane)",.,.,.,.,.,.
"63300  Alavus Keskus (Alavus)",...,1516,...,3,10,4
"63350  Sulkavankylä (Alavus)",.,.,.,.,.,.
"63400  Alavus Asemanseutu (Alavus)",.,.,.,.,.,.
"63410  Rantatöysä (Alavus)",.,.,.,.,.,.
"63500  Lehtimäki Keskus (Alajärvi)",.,.,.,.,.,.
"63510  Lehtimäki Kirkonkylä (Alajärvi)",.,.,.,.,.,.
"63600  Töysä Keskus (Alavus)",...,...,.,1,1,.
"63610  Tuuri (Alavus)",.,.,.,.,.,.
"63680  Hakojärvi (Alavus)",.,.,.,.,.,.
"63700  Ähtäri Keskus (Ähtäri)",...,...,...,2,4,1
"63780  Alastaipale (Ähtäri)",.,.,.,.,.,.
"63800  Soini Keskus (Soini)",.,.,.,.,.,.
"63900  Myllymäki-Vehunkylä (Ähtäri)",.,.,.,.,.,.
"63910  Inhan Tehtaat (Ähtäri)",.,.,.,.,.,.
"63920  Inha (Ähtäri)",.,.,.,.,.,.
"64100  Kristiinankaupunki keskus (Kristinestad)",...,...,...,6,4,4
"64140  Tiukka (Kristinestad)",.,.,.,.,.,.
"64200  Närpiö Keskus (Närpes)",...,1172,...,4,11,7
"64220  Yttermark (Närpes)",.,.,.,.,.,.
"64230  Närpiön Asemanseutu (Närpes)",.,.,.,.,.,.
"64240  Böle (Närpes)",.,.,.,.,.,.
"64250  Pjelax (Närpes)",.,.,.,.,.,.
"64260  Kaskinen (Kaskinen)",...,...,...,3,6,3
"64300  Lapväärtti (Kristinestad)",...,.,.,1,.,.
"64350  Karijoki Keskus (Karijoki)",.,.,.,.,.,.
"64370  Myrkky (Karijoki)",.,.,.,.,.,.
"64440  Metsälä-Kallträsk (Kristinestad)",.,.,.,.,.,.
"64460  Härkmeri (Kristinestad)",.,.,.,.,.,.
"64480  Skaftung (Kristinestad)",.,.,.,.,.,.
"64490  Siipyy (Kristinestad)",.,...,.,.,1,.
"64510  Nämpnäs (Närpes)",.,.,.,.,.,.
"64530  Norrnäs (Närpes)",.,.,.,.,.,.
"64550  Rangsby (Närpes)",.,.,.,.,.,.
"64610  Övermark (Närpes)",.,.,.,.,.,.
"64700  Teuva Keskus (Teuva)",.,.,.,.,.,.
"64740  Horo (Teuva)",.,.,.,.,.,.
"64760  Peltola (Teuva)",.,.,.,.,.,.
"64770  Äystö (Teuva)",.,.,.,.,.,.
"64810  Vanhakylä (Isojoki)",.,.,.,.,.,.
"64820  Kärjenkoski (Isojoki)",.,.,.,.,.,.
"64900  Isojoki Keskus (Isojoki)",.,.,.,.,.,.
"65100  Vaasa Keskus (Vaasa)",2833,2490,2359,115,203,193
"65170  Vaskiluoto (Vaasa)",.,.,...,.,.,2
"65200  Palosaari (Vaasa)",2445,1988,1902,34,50,35
"65230  Vetokannas (Vaasa)",...,1341,1336,4,11,7
"65280  Gerby (Vaasa)",1531,1334,...,6,6,3
"65300  Asevelikylä (Vaasa)",...,...,...,1,1,2
"65320  Huutoniemi (Vaasa)",1817,1246,1395,9,11,17
"65350  Suvilahti (Vaasa)",2105,1257,1172,10,22,25
"65370  Ristinummi (Vaasa)",...,751,809,5,17,11
"65380  Vanha Vaasa (Vaasa)",1154,1025,1280,9,20,22
"65410  Sundom (Vaasa)",.,.,.,.,.,.
"65450  Sulva (Korsholm)",.,.,.,.,.,.
"65460  Tölby-Rimal (Korsholm)",.,.,.,.,.,.
"65480  Vikby (Korsholm)",.,.,.,.,.,.
"65520  Helsingby (Korsholm)",.,.,.,.,.,.
"65610  Mustasaari Keskus (Korsholm)",...,2086,1474,5,8,16
"65630  Karperö (Korsholm)",.,.,.,.,.,.
"65650  Koskö (Korsholm)",.,.,.,.,.,.
"65710  Singsby (Korsholm)",.,.,.,.,.,.
"65730  Jungsund (Korsholm)",.,.,.,.,.,.
"65800  Raippaluoto (Korsholm)",.,.,.,.,.,.
"66100  Maalahti (Malax)",.,...,.,.,1,.
"66140  Övermalax (Malax)",.,.,.,.,.,.
"66160  Långåminne (Malax)",.,.,.,.,.,.
"66200  Korsnäs Keskus (Korsnäs)",.,.,.,.,.,.
"66210  Moikipää (Korsnäs)",.,.,.,.,.,.
"66220  Bergö (Malax)",.,.,.,.,.,.
"66230  Korsbäck (Korsnäs)",.,.,.,.,.,.
"66240  Petolahti (Malax)",.,.,.,.,.,.
"66270  Pirttikylä-Sorvari (Närpes)",.,.,.,.,.,.
"66280  Taklax (Korsnäs)",.,.,.,.,.,.
"66290  Harrström (Korsnäs)",.,.,.,.,.,.
"66295  Töjby (Närpes)",.,.,.,.,.,.
"66300  Jurva Keskus (Kurikka)",.,.,.,.,.,.
"66320  Niemenkylä (Kurikka)",.,.,.,.,.,.
"66360  Kesti (Kurikka)",.,.,.,.,.,.
"66400  Laihia Keskus (Laihia)",...,...,...,2,4,5
"66420  Ruto (Laihia)",.,.,.,.,.,.
"66430  Vedenoja (Vaasa)",.,.,.,.,.,.
"66440  Tervajoki (Isokyrö)",.,.,.,.,.,.
"66500  Vähäkyrö Keskus (Vaasa)",...,.,...,1,.,1
"66510  Merikaarto (Vaasa)",.,.,.,.,.,.
"66520  Veikkaala (Korsholm)",.,.,.,.,.,.
"66530  Koivulahti (Korsholm)",.,.,...,.,.,1
"66540  Petsmo (Korsholm)",.,.,.,.,.,.
"66550  Västerhankmo (Korsholm)",.,.,.,.,.,.
"66580  Kuni (Korsholm)",.,.,.,.,.,.
"66600  Vöyri Keskus (Vöyri)",...,.,.,1,.,.
"66640  Maksamaa (Vöyri)",.,.,.,.,.,.
"66710  Kaitsor (Vöyri)",.,.,.,.,.,.
"66800  Oravainen Keskus (Vöyri)",...,.,...,1,.,1
"66830  Oravaisten Tehdas (Vöyri)",.,.,.,.,.,.
"66840  Pensala (Nykarleby)",.,.,.,.,.,.
"66850  Jepua (Nykarleby)",.,.,.,.,.,.
"66900  Uusikaarlepyy Keskus (Nykarleby)",1085,1130,1032,7,7,6
"66910  Soklot (Nykarleby)",.,.,.,.,.,.
"66950  Munsala (Nykarleby)",.,.,.,.,.,.
"66970  Hirvlax (Nykarleby)",.,.,.,.,.,.
"67100  Kokkola Keskus (Kokkola)",2400,1957,1938,34,92,58
"67200  Kiviniitty-Tullimäki (Kokkola)",2174,1530,1383,10,57,42
"67300  Halkokari (Kokkola)",...,...,...,2,2,1
"67400  Rytimäki (Kokkola)",.,...,.,.,1,.
"67600  Linnusperä-Kaustari (Kokkola)",.,.,.,.,.,.
"67700  Kirkonmäki-Isokylä (Kokkola)",.,.,...,.,.,1
"67800  Koivuhaka (Kokkola)",...,...,657,3,4,12
"67900  Ykspihjala (Kokkola)",.,.,.,.,.,.
"68100  Himanka Keskus (Kalajoki)",.,.,.,.,.,.
"68210  Marinkainen (Kokkola)",.,.,.,.,.,.
"68230  Lohtaja Keskus (Kokkola)",.,.,.,.,.,.
"68300  Kälviä Keskus (Kokkola)",...,...,.,1,2,.
"68320  Ruotsalo (Kokkola)",.,.,.,.,.,.
"68370  Ullava Keskus (Kokkola)",.,.,.,.,.,.
"68380  Yli-Ullava (Kokkola)",.,.,.,.,.,.
"68390  Rahkonen (Kokkola)",.,.,.,.,.,.
"68410  Alaveteli (Kronoby)",.,.,.,.,.,.
"68500  Kruunupyy Keskus (Kronoby)",.,.,...,.,.,3
"68530  Lepplax (Pedersöre)",.,.,.,.,.,.
"68555  Bosund (Larsmo)",.,.,.,.,.,.
"68560  Eugmo (Larsmo)",.,.,.,.,.,.
"68570  Luoto (Larsmo)",.,...,.,.,1,.
"68580  Furuholmen (Larsmo)",.,.,.,.,.,.
"68600  Pietarsaari Keskus (Jakobstad)",1311,1403,1373,19,46,34
"68620  Skutnäs-Västermalm (Jakobstad)",1527,1227,1102,11,21,22
"68630  Kyrkostrand (Jakobstad)",...,...,...,1,1,2
"68660  Östermalm-Björnholmen (Jakobstad)",...,691,612,1,10,17
"68700  Teerijärvi (Kronoby)",.,.,.,.,.,.
"68750  Småbönders (Kronoby)",.,.,.,.,.,.
"68800  Kolppi (Pedersöre)",.,.,.,.,.,.
"68810  Ytteresse (Pedersöre)",.,.,.,.,.,.
"68820  Ähtävä (Pedersöre)",.,.,.,.,.,.
"68870  Edsevö (Pedersöre)",...,...,...,2,5,3
"68910  Pännäinen (Pedersöre)",.,...,...,.,1,1
"68930  Purmo (Pedersöre)",.,...,.,.,1,.
"68940  Lillby (Pedersöre)",.,.,.,.,.,.
"69100  Kannus Keskus (Kannus)",...,...,...,7,5,3
"69150  Eskola (Kannus)",.,.,.,.,.,.
"69300  Toholampi Keskus (Toholampi)",.,.,.,.,.,.
"69310  Laitala (Toholampi)",.,.,.,.,.,.
"69410  Sykäräinen (Toholampi)",.,.,.,.,.,.
"69440  Lestijärvi Keskus (Lestijärvi)",.,.,.,.,.,.
"69510  Halsua Keskus-Marjusaari (Halsua)",.,.,.,.,.,.
"69600  Kaustinen Keskus (Kaustinen)",.,.,.,.,.,.
"69700  Veteli Keskus (Veteli)",.,.,.,.,.,.
"69730  Tunkkari (Veteli)",.,.,.,.,.,.
"69750  Sillanpää (Veteli)",.,.,.,.,.,.
"69820  Räyrinki (Veteli)",.,.,.,.,.,.
"69850  Patana (Veteli)",.,.,.,.,.,.
"69950  Perho Keskus-Salamajärvi (Perho)",.,.,.,.,.,.
"69980  Möttönen (Perho)",.,.,.,.,.,.
"70100  Kuopio Keskus (Kuopio)",3368,2865,2520,67,147,110
"70110  Etu-Niirala (Kuopio)",3386,2941,2489,30,53,31
"70150  Neulamäki (Kuopio)",1818,1517,1582,12,20,12
"70200  Puijonlaakso (Kuopio)",2699,1922,1798,15,55,54
"70260  Julkula (Kuopio)",...,...,...,3,3,1
"70280  Länsi-Puijo (Kuopio)",...,798,...,3,9,2
"70300  Linnanpelto (Kuopio)",...,...,3302,1,4,8
"70340  Inkilänmäki (Kuopio)",1920,2181,1678,6,23,20
"70400  Kettulanlahti (Kuopio)",.,.,.,.,.,.
"70420  Päiväranta (Kuopio)",...,1133,1606,3,9,9
"70460  Saarijärvi (Kuopio)",...,776,626,4,28,19
"70500  Männistö (Kuopio)",1590,1682,1510,15,60,46
"70600  Niirala-Huuhanmäki (Kuopio)",3193,2491,2332,11,21,10
"70620  Haapaniemi (Kuopio)",...,1837,...,4,16,6
"70700  Särkiniemi (Kuopio)",...,1713,1603,4,15,14
"70780  Jynkkä (Kuopio)",...,...,...,2,4,4
"70800  Pitkälahti (Kuopio)",.,.,.,.,.,.
"70820  Litmanen (Kuopio)",...,1526,1601,4,63,25
"70840  Jynkänmäki (Kuopio)",3477,3069,3002,29,62,46
"70870  Hiltulanlahti (Kuopio)",.,.,.,.,.,.
"70900  Toivala (Siilinjärvi)",.,.,.,.,.,.
"70910  Vuorela (Siilinjärvi)",.,2384,...,.,7,5
"71160  Riistavesi (Kuopio)",.,.,...,.,.,1
"71200  Tuusniemi Keskus (Tuusniemi)",...,...,...,1,3,1
"71210  Tuusjärvi (Tuusniemi)",.,.,.,.,.,.
"71240  Paakkila (Tuusniemi)",.,.,.,.,.,.
"71280  Kosula (Tuusniemi)",.,.,.,.,.,.
"71310  Vehmersalmi Keskus (Kuopio)",...,...,.,1,1,.
"71470  Oravikoski (Leppävirta)",...,...,.,1,3,.
"71480  Kurkimäki (Kuopio)",.,.,.,.,.,.
"71570  Syvänniemi (Kuopio)",.,.,.,.,.,.
"71730  Kinnulanlahti (Kuopio)",.,.,.,.,.,.
"71750  Maaninka Keskus (Kuopio)",.,.,.,.,.,.
"71760  Ahkionlahti-Vianta (Kuopio)",.,.,.,.,.,.
"71775  Tuovilanlahti-Haatala (Kuopio)",.,.,.,.,.,.
"71800  Siilinjärvi Keskus (Siilinjärvi)",...,1330,1599,5,24,12
"71840  Kuuslahti (Siilinjärvi)",.,.,.,.,.,.
"71850  Leppäkaarre (Siilinjärvi)",.,...,...,.,3,3
"71870  Harjamäki (Siilinjärvi)",.,535,.,.,7,.
"71910  Alapitkä (Lapinlahti)",.,.,.,.,.,.
"71960  Lukkarila (Lapinlahti)",.,.,.,.,.,.
"72100  Karttula Keskus (Kuopio)",...,...,.,1,1,.
"72210  Tervo Keskus-Eliaksela (Tervo)",.,...,...,.,2,2
"72300  Vesanto Keskus (Vesanto)",...,...,.,1,1,.
"72360  Närhilä (Vesanto)",.,.,.,.,.,.
"72400  Pielavesi Keskus-Jylänki (Pielavesi)",...,496,...,3,13,2
"72550  Säviä (Pielavesi)",.,.,.,.,.,.
"72600  Keitele Keskus (Keitele)",...,.,.,1,.,.
"72950  Porttila (Keitele)",.,.,.,.,.,.
"73100  Lapinlahti Keskus (Lapinlahti)",...,684,.,4,6,.
"73200  Varpaisjärvi Keskus (Lapinlahti)",.,.,.,.,.,.
"73230  Syvärinpää (Lapinlahti)",.,.,.,.,.,.
"73250  Korpijärvi (Lapinlahti)",.,.,.,.,.,.
"73300  Nilsiä Keskus (Kuopio)",...,1053,...,9,9,1
"73310  Tahkovuori (Kuopio)",.,...,.,.,2,.
"73410  Pieksänkoski (Kuopio)",.,.,.,.,.,.
"73460  Muuruvesi (Kuopio)",...,.,.,2,.,.
"73500  Juankoski Keskus (Kuopio)",...,...,...,2,8,2
"73600  Kaavi Keskus (Kaavi)",...,...,...,4,5,4
"73670  Luikonlahti (Kaavi)",.,.,.,.,.,.
"73770  Säyneinen-Ala-Siikajärvi (Kuopio)",.,.,.,.,.,.
"73850  Ala-Luosta-Riitasalo (Rautavaara)",.,.,.,.,.,.
"73900  Rautavaara Keskus (Rautavaara)",.,.,.,.,.,.
"74100  Iisalmi Keskus, Eteläinen (Iisalmi)",1370,1376,1536,23,47,25
"74120  Iisalmi Keskus Pohjoinen (Iisalmi)",...,981,891,5,31,13
"74130  Kihmula (Iisalmi)",...,815,...,1,7,4
"74200  Vieremä Keskus (Vieremä)",.,.,.,.,.,.
"74250  Nissilä (Vieremä)",.,.,.,.,.,.
"74300  Sonkajärvi Keskus (Sonkajärvi)",...,...,...,1,2,1
"74340  Sukeva-Kainuunmäki (Sonkajärvi)",.,.,.,.,.,.
"74380  Jyrkkä (Sonkajärvi)",.,.,.,.,.,.
"74510  Peltosalmi-Sourunsalo (Iisalmi)",.,...,...,.,1,1
"74550  Pörsänmäki (Iisalmi)",.,.,.,.,.,.
"74700  Kiuruvesi Keskus (Kiuruvesi)",...,469,...,15,8,5
"74940  Remeskylä-Tihilänkangas (Kiuruvesi)",.,.,.,.,.,.
"75500  Nurmes Keskus (Nurmes)",895,686,...,6,11,4
"75530  Porokylä (Nurmes)",...,1124,...,4,9,1
"75680  Ylä-Luosta (Rautavaara)",.,.,.,.,.,.
"75700  Valtimo Keskus (Nurmes)",.,...,.,.,4,.
"76100  Pieksämäki Keskus (Pieksämäki)",800,541,826,16,32,30
"76120  Kontiopuisto (Pieksämäki)",...,...,.,3,4,.
"76130  Pappilanmäki (Pieksämäki)",.,.,.,.,.,.
"76150  Länsirinne (Pieksämäki)",...,458,524,4,18,9
"76850  Naarajärvi (Pieksämäki)",...,...,.,3,1,.
"76940  Nenonpelto (Pieksämäki)",.,.,.,.,.,.
"77240  Halkokumpu (Pieksämäki)",.,.,.,.,.,.
"77330  Virtasalmi Keskus (Pieksämäki)",.,.,.,.,.,.
"77570  Jäppilä Keskus (Pieksämäki)",.,.,.,.,.,.
"77580  Tihusniemi (Pieksämäki)",.,.,.,.,.,.
"77600  Suonenjoki Keskus (Suonenjoki)",576,740,944,10,9,14
"77700  Rautalampi Keskus (Rautalampi)",.,.,.,.,.,.
"77800  Iisvesi (Suonenjoki)",.,.,.,.,.,.
"78200  Varkaus Keskus (Varkaus)",652,593,715,37,42,29
"78210  Kuoppakangas (Varkaus)",.,.,.,.,.,.
"78250  Päiviönsaari (Varkaus)",...,534,630,3,9,7
"78300  Kommila (Varkaus)",...,342,...,7,63,2
"78310  Puurtila (Varkaus)",.,.,.,.,.,.
"78400  Luttila (Varkaus)",.,.,.,.,.,.
"78480  Timola (Leppävirta)",.,.,.,.,.,.
"78500  Pitkälänniemi-Könönpelto (Varkaus)",.,.,.,.,.,.
"78710  Akonlahti (Varkaus)",.,.,.,.,.,.
"78850  Käpykangas (Varkaus)",...,...,.,1,2,.
"78870  Kaura-Aho (Varkaus)",...,...,.,3,6,.
"78880  Kuvansi (Joroinen)",.,.,.,.,.,.
"79100  Leppävirta Keskus (Leppävirta)",544,616,...,10,10,2
"79130  Sorsakoski (Leppävirta)",...,...,...,1,1,2
"79255  Kurjala-Moninmäki (Leppävirta)",.,.,.,.,.,.
"79480  Kangaslampi Keskus (Varkaus)",.,.,.,.,.,.
"79520  Viljolahti (Varkaus)",.,.,.,.,.,.
"79600  Joroinen Keskus (Joroinen)",...,...,...,2,6,4
"79700  Heinävesi Keskus (Heinävesi)",...,...,...,7,5,2
"79810  Karvion kanava (Heinävesi)",.,.,.,.,.,.
"79940  Vihtari-Poikiinaho (Heinävesi)",.,.,.,.,.,.
"80100  Joensuu Keskus, Pohjoinen (Joensuu)",2602,2334,1923,66,105,79
"80110  Joensuu Keskus Eteläinen (Joensuu)",2593,2162,1876,26,51,44
"80130  Kanervala (Joensuu)",.,.,.,.,.,.
"80140  Noljakka (Joensuu)",2748,2375,...,9,7,3
"80160  Rantakylä-Latola (Joensuu)",1994,1332,972,9,34,22
"80170  Utra (Joensuu)",...,1010,...,1,9,1
"80200  Niinivaara (Joensuu)",2740,2112,1757,16,41,26
"80220  Penttilä (Joensuu)",3748,3266,2961,15,29,13
"80230  Hukanhauta (Joensuu)",...,...,...,1,5,3
"80260  Kettuvaara (Joensuu)",...,...,1275,4,6,8
"80330  Reijola (Joensuu)",.,...,.,.,1,.
"80400  Ylämylly (Liperi)",...,...,...,2,3,4
"80510  Onttola-Kunnasniemi (Kontiolahti)",.,.,...,.,.,3
"80710  Lehmo (Kontiolahti)",.,...,...,.,1,2
"80770  Kontiolahti as (Kontiolahti)",.,.,.,.,.,.
"80780  Kontioniemi (Kontiolahti)",...,.,.,1,.,.
"80790  Kontioranta-Kontioniemi (Kontiolahti)",.,.,.,.,.,.
"80850  Paihola (Kontiolahti)",.,.,.,.,.,.
"80910  Kulho (Kontiolahti)",.,.,.,.,.,.
"81100  Kontiolahti (Kontiolahti)",.,...,.,.,2,.
"81160  Romppala-Riihikangas (Kontiolahti)",.,.,.,.,.,.
"81200  Eno Keskus (Joensuu)",.,...,...,.,4,1
"81210  Louhioja (Joensuu)",.,.,.,.,.,.
"81220  Jakokoski (Kontiolahti)",.,.,.,.,.,.
"81230  Mönni (Kontiolahti)",.,.,.,.,.,.
"81235  Lehtoi (Kontiolahti)",.,.,.,.,.,.
"81280  Uimaharju (Joensuu)",.,...,...,.,1,1
"81290  Ukkola (Joensuu)",.,.,.,.,.,.
"81390  Revonkylä (Joensuu)",.,.,.,.,.,.
"81470  Naarva (Ilomantsi)",.,.,.,.,.,.
"81590  Vuonislahti (Lieksa)",.,.,.,.,.,.
"81650  Hattuvaara (Lieksa)",.,.,.,.,.,.
"81700  Lieksa Keskus (Lieksa)",496,607,...,8,25,10
"81720  Mähkö-Timitra (Lieksa)",...,...,...,2,5,4
"81750  Pankakoski (Lieksa)",...,...,...,1,3,1
"81970  Jongunjoki-Pankajärvi (Lieksa)",.,.,.,.,.,.
"82110  Heinävaara (Joensuu)",.,.,.,.,.,.
"82120  Keskijärvi (Joensuu)",.,.,.,.,.,.
"82140  Kiihtelysvaara Keskus (Joensuu)",.,.,.,.,.,.
"82200  Hammaslahti (Joensuu)",.,.,.,.,.,.
"82220  Niittylahti (Joensuu)",.,.,.,.,.,.
"82290  Nieminen (Rääkkylä)",.,.,.,.,.,.
"82300  Rääkkylä Keskus (Rääkkylä)",.,.,.,.,.,.
"82350  Tikkala (Tohmajärvi)",.,.,.,.,.,.
"82430  Puhos-Leinovaara (Kitee)",.,.,...,.,.,1
"82490  Heinoniemi (Kitee)",.,.,.,.,.,.
"82500  Kitee Keskus (Kitee)",636,628,...,13,18,5
"82600  Tohmajärvi Keskus (Tohmajärvi)",...,...,...,1,1,1
"82655  Värtsilä Keskus (Tohmajärvi)",.,.,.,.,.,.
"82710  Kovero (Joensuu)",.,.,.,.,.,.
"82730  Tuupovaara Keskus-Pirttiaho (Joensuu)",.,.,.,.,.,.
"82750  Öllölä (Joensuu)",.,.,.,.,.,.
"82760  Hoilola (Joensuu)",.,.,.,.,.,.
"82900  Ilomantsi Keskus (Ilomantsi)",...,...,...,2,8,2
"83100  Liperi Keskus (Liperi)",...,...,.,1,2,.
"83130  Salokylä (Liperi)",.,.,.,.,.,.
"83330  Kaatamo (Liperi)",.,.,.,.,.,.
"83400  Viinijärvi (Liperi)",.,...,.,.,1,.
"83430  Käsämä (Liperi)",.,.,.,.,.,.
"83500  Outokumpu Keskus (Outokumpu)",...,...,...,8,10,14
"83700  Polvijärvi Keskus (Polvijärvi)",...,.,.,1,.,.
"83720  Kuorevaara (Polvijärvi)",.,.,.,.,.,.
"83750  Sotkuma (Polvijärvi)",.,.,.,.,.,.
"83870  Polvela-Timovaara (Juuka)",.,.,.,.,.,.
"83900  Juuka Keskus (Juuka)",...,...,...,2,4,1
"83940  Nunnanlahti (Juuka)",.,.,.,.,.,.
"83950  Ahmovaara (Juuka)",.,.,.,.,.,.
"83960  Koli (Lieksa)",.,.,.,.,.,.
"84100  Ylivieska Keskus (Ylivieska)",1360,1347,1438,22,25,19
"84880  Raudaskylä (Ylivieska)",.,.,.,.,.,.
"85100  Kalajoki Keskus (Kalajoki)",.,...,...,.,2,2
"85140  Tynkä (Kalajoki)",.,.,.,.,.,.
"85160  Rautio (Kalajoki)",.,.,.,.,.,.
"85200  Alavieska Keskus (Alavieska)",.,.,.,.,.,.
"85230  Talus (Alavieska)",.,.,.,.,.,.
"85310  Sievi Asemanseutu (Sievi)",.,.,.,.,.,.
"85320  Markkula (Sievi)",.,.,.,.,.,.
"85410  Sievi Keskus (Sievi)",.,...,.,.,1,.
"85430  Koivisto (Sievi)",.,.,.,.,.,.
"85450  Joenkylä (Sievi)",.,.,.,.,.,.
"85500  Nivala Keskus (Nivala)",...,1068,1423,6,6,8
"85560  Ainastalo (Nivala)",.,.,.,.,.,.
"85580  Karvoskylä (Nivala)",.,.,.,.,.,.
"85630  Sarjanahde (Nivala)",.,.,.,.,.,.
"85640  Maliskylä (Nivala)",.,.,.,.,.,.
"85660  Ruuskankylä (Nivala)",.,.,.,.,.,.
"85800  Haapajärvi Keskus (Haapajärvi)",...,...,...,3,3,1
"85820  Oksava (Haapajärvi)",.,.,.,.,.,.
"85900  Reisjärvi Keskus (Reisjärvi)",.,.,.,.,.,.
"85980  Köyhänperä (Reisjärvi)",.,.,.,.,.,.
"86100  Pyhäjoki Keskus (Pyhäjoki)",.,...,.,.,2,.
"86170  Yppäri (Pyhäjoki)",.,.,.,.,.,.
"86220  Merijärvi Keskus (Merijärvi)",.,.,.,.,.,.
"86300  Oulainen Keskus (Oulainen)",...,...,...,3,6,5
"86400  Vihanti Keskus (Raahe)",.,.,.,.,.,.
"86440  Lampinsaari (Raahe)",.,.,...,.,.,1
"86600  Haapavesi Keskus (Haapavesi)",...,...,.,1,2,.
"86710  Kärsämäki Keskus (Kärsämäki)",.,.,.,.,.,.
"86800  Pyhäsalmi (Pyhäjärvi)",...,...,...,5,5,3
"86900  Pyhäkumpu (Pyhäjärvi)",.,.,.,.,.,.
"87100  Kajaani Keskus (Kajaani)",1697,1376,1563,47,68,51
"87150  Purola (Kajaani)",...,.,...,3,.,1
"87200  Teppana (Kajaani)",1470,1309,1475,6,18,18
"87250  Kättö-Kätönlahti (Kajaani)",...,...,.,1,4,.
"87300  Palokangas (Kajaani)",1363,...,922,6,5,9
"87400  Petäisenniska (Kajaani)",...,874,...,3,7,3
"87500  Lehtikangas (Kajaani)",1017,860,831,8,25,20
"87700  Lohtaja-Kettu (Kajaani)",.,...,.,.,4,.
"87830  Nakertaja (Kajaani)",.,.,.,.,.,.
"87900  Karankalahti (Kajaani)",.,.,.,.,.,.
"88200  Otanmäki-Kytökoski (Kajaani)",...,...,...,8,12,12
"88270  Vuolijoki Keskus (Kajaani)",.,.,.,.,.,.
"88300  Paltamo Keskus (Paltamo)",.,.,.,.,.,.
"88340  Manamansalo (Vaala)",.,.,.,.,.,.
"88400  Ristijärvi Keskus-Hiisijärvi (Ristijärvi)",.,...,...,.,1,1
"88470  Kontiomäki (Paltamo)",.,...,...,.,1,1
"88600  Sotkamo Keskus (Sotkamo)",1128,1426,1409,10,25,10
"88610  Vuokatti (Sotkamo)",.,.,...,.,.,1
"88620  Korholanmäki (Sotkamo)",.,.,.,.,.,.
"88900  Kuhmo Keskus (Kuhmo)",917,645,...,14,8,5
"89140  Kotila-Törmänmäki (Puolanka)",.,.,.,.,.,.
"89200  Puolanka Keskus (Puolanka)",.,...,...,.,2,3
"89400  Hyrynsalmi Keskus (Hyrynsalmi)",...,...,.,1,2,.
"89600  Ämmänsaari (Suomussalmi)",...,...,...,5,6,1
"89800  Suomussalmi Keskus (Suomussalmi)",.,.,.,.,.,.
"90100  Oulu Keskus (Oulu)",3594,3085,2834,98,147,102
"90120  Heinäpää (Oulu)",2893,2583,2312,74,173,52
"90130  Raksila (Oulu)",3025,2664,2623,56,75,77
"90140  Karjasilta (Oulu)",2906,2623,2556,15,35,12
"90150  Höyhtyä (Oulu)",2359,1540,1709,28,49,41
"90220  Kontinkangas (Oulu)",1488,768,960,11,45,41
"90230  Värttö-Maikkula (Oulu)",2486,2555,2753,34,35,27
"90240  Iinatti (Oulu)",1881,1864,1607,6,7,14
"90250  Kaukovainio (Oulu)",2590,1710,1410,47,56,46
"90310  Madekoski (Oulu)",.,...,...,.,4,3
"90400  Äimärautio (Oulu)",3871,3495,3197,72,85,31
"90410  Kaakkuri (Oulu)",.,.,.,.,.,.
"90420  Metsokangas (Oulu)",2798,2160,2130,32,40,31
"90440  Kempele Keskus (Kempele)",2620,2127,2196,14,20,22
"90450  Honkanen (Kempele)",.,...,...,.,6,5
"90460  Oulunsalo Keskus (Oulu)",...,...,1556,1,2,7
"90480  Hailuoto (Hailuoto)",.,.,.,.,.,.
"90500  Tuira (Oulu)",2475,2276,2110,57,110,104
"90510  Hietasaari (Oulu)",...,3270,2963,6,15,15
"90520  Taskila-Toppila (Oulu)",3734,2990,3039,82,75,51
"90530  Välivainio (Oulu)",2720,2252,2110,23,51,18
"90540  Kuivasjärvi (Oulu)",3389,2802,2343,16,25,14
"90550  Pyykösjärvi-Puolivälinkangas (Oulu)",1510,1037,1067,7,22,8
"90560  Koskela-Oulu (Oulu)",1387,1027,1085,8,17,16
"90570  Kaijonharju-Linnanmaa (Oulu)",3568,1768,1391,39,23,30
"90580  Rajakylä (Oulu)",...,...,...,2,6,6
"90620  Rusko-Heikinharju (Oulu)",.,.,.,.,.,.
"90630  Korvensuora (Oulu)",...,2824,2122,4,13,12
"90650  Haapalehto (Oulu)",1421,1730,1755,25,93,52
"90670  Hiukkavaara (Oulu)",2984,...,1960,11,4,17
"90800  Pateniemi (Oulu)",.,1721,...,.,7,5
"90810  Kiviniemi (Oulu)",.,.,.,.,.,.
"90820  Kello (Oulu)",.,.,.,.,.,.
"90830  Haukipudas Keskus (Oulu)",...,1285,1548,4,12,8
"90840  Haukipudas Asemanseutu (Oulu)",.,.,.,.,.,.
"90850  Martinniemi (Oulu)",.,.,...,.,.,3
"90900  Kiiminki Keskus (Oulu)",...,...,...,2,3,6
"90910  Kontio (Oulu)",.,.,.,.,.,.
"90940  Jääli (Oulu)",.,...,...,.,2,1
"91100  Ii Keskus (Ii)",.,...,...,.,2,1
"91200  Yli-Ii Keskus (Oulu)",.,.,.,.,.,.
"91260  Pahkakoski-Räinä (Oulu)",.,.,.,.,.,.
"91300  Ylikiiminki Keskus (Oulu)",.,.,.,.,.,.
"91310  Arkala (Oulu)",.,.,.,.,.,.
"91410  Jokirinne (Muhos)",.,.,.,.,.,.
"91430  Leppiniemi (Muhos)",.,.,.,.,.,.
"91500  Muhos Keskus (Muhos)",.,...,...,.,1,3
"91600  Utajärvi Keskus (Utajärvi)",.,.,.,.,.,.
"91670  Rokua (Utajärvi)",.,.,.,.,.,.
"91700  Vaala Keskus-Oterma (Vaala)",.,...,.,.,1,.
"91710  Jylhämä (Vaala)",.,.,.,.,.,.
"91760  Säräisniemi (Vaala)",.,.,.,.,.,.
"91780  Neittävä (Vaala)",.,.,.,.,.,.
"91800  Tyrnävä (Tyrnävä)",...,...,...,1,1,1
"91900  Liminka Keskus (Liminka)",...,...,...,5,2,4
"91910  Tupos (Liminka)",.,.,.,.,.,.
"91950  Temmes (Tyrnävä)",.,.,.,.,.,.
"91980  Lumijoki (Lumijoki)",.,.,.,.,.,.
"92100  Raahe Keskus (Raahe)",1379,1423,1940,18,26,19
"92120  Ollinsaari-Mestauskallio (Raahe)",...,.,...,1,.,2
"92130  Isoholmi-Antinkangas (Raahe)",...,...,...,1,4,3
"92140  Pattijoki Keskus (Raahe)",.,.,.,.,.,.
"92150  Kummatti-Junnilanmäki (Raahe)",...,.,.,1,.,.
"92160  Saloinen (Raahe)",.,.,.,.,.,.
"92320  Siikajoki Keskus (Siikajoki)",.,.,.,.,.,.
"92350  Revonlahti (Siikajoki)",.,.,.,.,.,.
"92400  Ruukki Keskus (Siikajoki)",.,.,.,.,.,.
"92430  Paavola-Huumola (Siikajoki)",.,.,.,.,.,.
"92450  Luohua (Siikajoki)",.,.,.,.,.,.
"92500  Rantsila Keskus (Siikalatva)",.,.,.,.,.,.
"92600  Pulkkila Keskus (Siikalatva)",.,.,.,.,.,.
"92620  Piippola Keskus (Siikalatva)",.,.,.,.,.,.
"92640  Leskelä (Siikalatva)",.,.,.,.,.,.
"92650  Laakkola (Siikalatva)",.,.,.,.,.,.
"92700  Kestilä (Siikalatva)",.,.,.,.,.,.
"92930  Pyhäntä (Pyhäntä)",.,.,.,.,.,.
"93100  Pudasjärvi Keskus (Pudasjärvi)",...,...,...,1,1,3
"93280  Syöte (Pudasjärvi)",.,.,.,.,.,.
"93400  Taivalkoski Keskus (Taivalkoski)",.,...,.,.,1,.
"93600  Kuusamo (Kuusamo)",1721,1596,1607,13,35,27
"93700  Kurkijärvi - Oijusluoma (Kuusamo)",.,.,.,.,.,.
"93800  Muojärvi (Kuusamo)",.,.,.,.,.,.
"93830  Rukatunturi (Kuusamo)",.,.,.,.,.,.
"93900  Oulangan kansallispuisto (Kuusamo)",.,.,.,.,.,.
"93999  Lososaari (Kuusamo)",.,.,.,.,.,.
"94100  Kemi Keskus (Kemi)",951,893,1165,32,74,46
"94200  Torvinen-Vainio (Kemi)",.,...,...,.,8,4
"94300  Pajusaari (Kemi)",...,.,.,1,.,.
"94400  Keminmaa Keskus (Keminmaa)",...,553,577,6,9,7
"94430  Kaakamo (Tornio)",.,.,.,.,.,.
"94450  Lassila-Jokisuu (Keminmaa)",.,...,.,.,1,.
"94500  Lautiosaari (Keminmaa)",...,...,...,1,2,2
"94600  Ristikangas-Kivikko (Kemi)",.,.,.,.,.,.
"94700  Takajärvi-Haukkari (Kemi)",524,468,...,10,19,10
"94720  Peurasaari (Kemi)",...,...,...,1,3,1
"94830  Pikku Berliini-Hepola (Kemi)",...,...,...,6,14,16
"95100  Kuivaniemi Keskus (Ii)",.,.,.,.,.,.
"95200  Simo Keskus (Simo)",.,.,.,.,.,.
"95230  Maksniemi (Simo)",.,.,.,.,.,.
"95300  Tervola Keskus (Tervola)",.,.,.,.,.,.
"95400  Tornio Keskus (Tornio)",1959,1685,1473,11,36,32
"95410  Kiviranta (Tornio)",...,...,...,1,5,3
"95420  Miukki-Palosaari-Luotomäki (Tornio)",...,...,373,1,4,13
"95430  Suensaari (Tornio)",1067,...,1094,6,4,14
"95450  Kirkonmäki (Tornio)",.,...,...,.,2,1
"95600  Ylitornio Keskus (Ylitornio)",.,.,.,.,.,.
"95675  Meltosjärvi (Ylitornio)",.,.,.,.,.,.
"95700  Pello Keskus (Pello)",...,...,...,3,10,4
"95780  Sirkkakoski (Pello)",.,.,.,.,.,.
"95800  Sieppijärvi-Taapajärvi (Kolari)",.,.,.,.,.,.
"95900  Kolari Keskus (Kolari)",.,...,...,.,1,1
"95930  Äkäsjoensuu (Kolari)",.,.,.,.,.,.
"95970  Äkäslompolo (Kolari)",.,.,.,.,.,.
"95980  Ylläsjärvi (Kolari)",.,.,.,.,.,.
"96100  Rovaniemi Keskus (Rovaniemi)",2431,2245,2050,64,112,77
"96190  Lapinrinne-Ahokangas (Rovaniemi)",2908,2174,1167,8,7,7
"96200  Sahanperä-Ratantaus (Rovaniemi)",1939,1933,2193,25,52,45
"96300  Niemelänkangas-Korvanniemi (Rovaniemi)",2373,1949,1688,26,40,18
"96320  Teollisuuskylä (Rovaniemi)",.,.,.,.,.,.
"96400  Pullinranta-Kiiruna (Rovaniemi)",1562,2282,...,8,9,6
"96440  Ounasrinne (Rovaniemi)",...,...,...,2,7,5
"96460  Pöykkölä (Rovaniemi)",.,.,...,.,.,1
"96500  Korkalovaara (Rovaniemi)",743,579,734,8,26,30
"96600  Koskenkylä (Rovaniemi)",.,.,.,.,.,.
"96800  Ylikylä-Patosaari (Rovaniemi)",.,...,.,.,1,.
"96900  Saarenkylä (Rovaniemi)",...,.,...,1,.,3
"96910  Syväsenvaara (Rovaniemi)",.,...,...,.,4,5
"96960  Someroharju (Rovaniemi)",.,.,.,.,.,.
"97110  Rautionsaari (Rovaniemi)",.,.,.,.,.,.
"97130  Hirvas (Rovaniemi)",.,.,.,.,.,.
"97140  Muurola (Rovaniemi)",...,...,...,2,1,2
"97160  Petäjäinen (Rovaniemi)",.,.,.,.,.,.
"97280  Tapio (Rovaniemi)",.,.,.,.,.,.
"97340  Meltaus-Jääskö-Perttaus (Rovaniemi)",.,.,.,.,.,.
"97390  Kierinki (Sodankylä)",.,.,.,.,.,.
"97615  Tennirova (Rovaniemi)",.,.,.,.,.,.
"97635  Juuniemi (Rovaniemi)",.,.,.,.,.,.
"97655  Autti (Rovaniemi)",.,.,.,.,.,.
"97700  Ranua Keskus (Ranua)",.,.,.,.,.,.
"97900  Posio Keskus (Posio)",.,.,.,.,.,.
"98100  Kemijärvi Keskus (Kemijärvi)",...,637,...,5,6,3
"98120  Särkikangas (Kemijärvi)",...,...,...,1,2,2
"98230  Luusua-Karsimus (Kemijärvi)",.,.,.,.,.,.
"98310  Karvakko (Kemijärvi)",.,.,.,.,.,.
"98350  Tapionniemi (Kemijärvi)",.,.,.,.,.,.
"98400  Isokylä-Ryti-Lehtola (Kemijärvi)",.,.,.,.,.,.
"98440  Kallaanvaara (Kemijärvi)",.,.,...,.,.,2
"98450  Kostamo (Kemijärvi)",.,.,.,.,.,.
"98500  Pelkosenniemi Keskus (Pelkosenniemi)",.,.,.,.,.,.
"98530  Pyhätunturi (Pelkosenniemi)",.,.,.,.,.,.
"98600  Kursu (Salla)",.,.,.,.,.,.
"98720  Suomutunturi (Kemijärvi)",.,.,.,.,.,.
"98800  Savukoski Keskus-Värriö (Savukoski)",.,.,.,.,.,.
"98830  Martti-Ruuvaoja (Savukoski)",.,.,.,.,.,.
"98900  Salla Keskus (Salla)",...,.,.,1,.,.
"99100  Kittilä Keskus (Kittilä)",.,...,.,.,3,.
"99130  Sirkka-Rauhala (Kittilä)",.,.,.,.,.,.
"99150  Tepasto (Kittilä)",.,.,.,.,.,.
"99300  Muonio Keskus (Muonio)",.,.,.,.,.,.
"99400  Enontekiö Keskus (Enontekiö)",.,.,.,.,.,.
"99450  Palojoensuu-Kuttanen (Enontekiö)",.,.,.,.,.,.
"99470  Karesuvanto (Enontekiö)",.,.,.,.,.,.
"99490  Kilpisjärvi (Enontekiö)",.,.,.,.,.,.
"99555  Luosto (Sodankylä)",.,.,.,.,.,.
"99600  Sodankylä Keskus (Sodankylä)",...,731,...,4,10,3
"99620  Kelujärvi (Sodankylä)",.,.,.,.,.,.
"99645  Lokka (Sodankylä)",.,.,.,.,.,.
"99660  Kersilö (Sodankylä)",.,.,.,.,.,.
"99690  Vuotso (Sodankylä)",.,.,.,.,.,.
"99710  Vaalajärvi (Sodankylä)",.,.,.,.,.,.
"99800  Ivalo (Inari)",...,...,...,2,1,3
"99830  Saariselkä (Inari)",.,.,.,.,.,.
"99870  Inari Keskus-Lemmenjoki (Inari)",.,.,.,.,.,.
"99910  Kaamanen-Partakko (Inari)",.,.,.,.,.,.
"99930  Sevettijärvi-Näätämö (Inari)",.,.,.,.,.,.
"99950  Karigasniemi (Utsjoki)",.,.,.,.,.,.
"99980  Utsjoki Keskus (Utsjoki)",.,.,.,.,.,.
"99990  Nuorgam (Utsjoki)",.,.,.,.,.,.
